{
  "dataset_revision": "d3fb88f8f02e40887cd149695127462bbcf29b4a",
  "evaluation_time": 0.23634767532348633,
  "kg_co2_emissions": null,
  "mteb_version": "1.12.83",
  "scores": {
    "test": [
      {
        "cosine_pearson": 0.8258765599795991,
        "cosine_spearman": 0.7957651199998953,
        "euclidean_pearson": 0.8266553870730187,
        "euclidean_spearman": 0.8098618267450901,
        "hf_subset": "default",
        "languages": [
          "eng-Latn"
        ],
        "main_score": 0.7957651199998953,
        "manhattan_pearson": 0.8201131303341173,
        "manhattan_spearman": 0.8070123642277922,
        "pearson": [
          0.8258765664209278,
          3.984790038153167e-26
        ],
        "spearman": [
          0.7957651199998953,
          4.534677664709068e-23
        ]
      }
    ]
  },
  "task_name": "BIOSSES"
}