{
  "dataset_revision": "20a6d6f312dd54037fe07a32d58e5e168867909d",
  "evaluation_time": 3.8543193340301514,
  "kg_co2_emissions": null,
  "mteb_version": "1.12.83",
  "scores": {
    "test": [
      {
        "cosine_pearson": 0.8489246706144729,
        "cosine_spearman": 0.786035691905404,
        "euclidean_pearson": 0.8249169105647536,
        "euclidean_spearman": 0.7864143898571189,
        "hf_subset": "default",
        "languages": [
          "eng-Latn"
        ],
        "main_score": 0.786035691905404,
        "manhattan_pearson": 0.8233712010210479,
        "manhattan_spearman": 0.7854167711257038,
        "pearson": [
          0.848924668133299,
          0.0
        ],
        "spearman": [
          0.7860356091929307,
          0.0
        ]
      }
    ]
  },
  "task_name": "SICK-R"
}