{
  "dataset_revision": "a0d554a64d88156834ff5ae9920b964011b16384",
  "evaluation_time": 1.367471694946289,
  "kg_co2_emissions": null,
  "mteb_version": "1.12.83",
  "scores": {
    "test": [
      {
        "cosine_pearson": 0.8242623443077647,
        "cosine_spearman": 0.735038862976994,
        "euclidean_pearson": 0.8066126630856569,
        "euclidean_spearman": 0.7441512511187376,
        "hf_subset": "default",
        "languages": [
          "eng-Latn"
        ],
        "main_score": 0.735038862976994,
        "manhattan_pearson": 0.8057559856321631,
        "manhattan_spearman": 0.7439583011215407,
        "pearson": [
          0.8242623428257303,
          0.0
        ],
        "spearman": [
          0.735063763694035,
          0.0
        ]
      }
    ]
  },
  "task_name": "STS12"
}