{
  "dataset_revision": "ae752c7c21bf194d8b67fd573edf7ae58183cbe3",
  "evaluation_time": 1.4048078060150146,
  "kg_co2_emissions": null,
  "mteb_version": "1.12.83",
  "scores": {
    "test": [
      {
        "cosine_pearson": 0.8453213262091429,
        "cosine_spearman": 0.8553648629657691,
        "euclidean_pearson": 0.8555656224821528,
        "euclidean_spearman": 0.8599960672043319,
        "hf_subset": "default",
        "languages": [
          "eng-Latn"
        ],
        "main_score": 0.8553648629657691,
        "manhattan_pearson": 0.8553772407048127,
        "manhattan_spearman": 0.8599103729580663,
        "pearson": [
          0.8453213279016636,
          0.0
        ],
        "spearman": [
          0.8553648560278088,
          0.0
        ]
      }
    ]
  },
  "task_name": "STS15"
}