{
  "dataset_revision": "d3fb88f8f02e40887cd149695127462bbcf29b4a",
  "evaluation_time": 0.21406292915344238,
  "kg_co2_emissions": null,
  "mteb_version": "1.12.83",
  "scores": {
    "test": [
      {
        "cosine_pearson": 0.8351912703862735,
        "cosine_spearman": 0.7951928178029749,
        "euclidean_pearson": 0.8330424261972978,
        "euclidean_spearman": 0.8006447492578473,
        "hf_subset": "default",
        "languages": [
          "eng-Latn"
        ],
        "main_score": 0.7951928178029749,
        "manhattan_pearson": 0.8314969618420406,
        "manhattan_spearman": 0.7987892852930952,
        "pearson": [
          0.835191279446723,
          3.419671137437703e-27
        ],
        "spearman": [
          0.7951928178029749,
          5.124061534648097e-23
        ]
      }
    ]
  },
  "task_name": "BIOSSES"
}