{
  "dataset_revision": "d66bd1f72af766a5cc4b0ca5e00c162f89e8cc46",
  "evaluation_time": 18.58889126777649,
  "kg_co2_emissions": null,
  "mteb_version": "1.12.83",
  "scores": {
    "test": [
      {
        "cosine_accuracy": 0.9975544554455446,
        "cosine_accuracy_threshold": 0.7459070682525635,
        "cosine_ap": 0.9372810006817335,
        "cosine_f1": 0.8773630634997576,
        "cosine_f1_threshold": 0.7291617393493652,
        "cosine_precision": 0.8513640639698965,
        "cosine_recall": 0.905,
        "dot_accuracy": 0.9971485148514851,
        "dot_accuracy_threshold": 323.6478271484375,
        "dot_ap": 0.9159389591595345,
        "dot_f1": 0.853658536585366,
        "dot_f1_threshold": 322.3248596191406,
        "dot_precision": 0.8677685950413223,
        "dot_recall": 0.84,
        "euclidean_accuracy": 0.9976534653465347,
        "euclidean_accuracy_threshold": 14.521181106567383,
        "euclidean_ap": 0.9407921429845622,
        "euclidean_f1": 0.8818272095332672,
        "euclidean_f1_threshold": 14.959794044494629,
        "euclidean_precision": 0.8757396449704142,
        "euclidean_recall": 0.888,
        "hf_subset": "default",
        "languages": [
          "eng-Latn"
        ],
        "main_score": 0.9407921429845622,
        "manhattan_accuracy": 0.9976831683168317,
        "manhattan_accuracy_threshold": 230.57803344726562,
        "manhattan_ap": 0.9406520071807997,
        "manhattan_f1": 0.8827655310621242,
        "manhattan_f1_threshold": 230.743896484375,
        "manhattan_precision": 0.8845381526104418,
        "manhattan_recall": 0.881,
        "max_ap": 0.9407921429845622,
        "max_f1": 0.8827655310621242,
        "max_precision": 0.8845381526104418,
        "max_recall": 0.905,
        "similarity_accuracy": 0.9975544554455446,
        "similarity_accuracy_threshold": 0.7459070682525635,
        "similarity_ap": 0.9372810006817335,
        "similarity_f1": 0.8773630634997576,
        "similarity_f1_threshold": 0.7291617393493652,
        "similarity_precision": 0.8513640639698965,
        "similarity_recall": 0.905
      }
    ]
  },
  "task_name": "SprintDuplicateQuestions"
}