{
  "dataset_revision": "ae752c7c21bf194d8b67fd573edf7ae58183cbe3",
  "evaluation_time": 1.2584683895111084,
  "kg_co2_emissions": null,
  "mteb_version": "1.12.83",
  "scores": {
    "test": [
      {
        "cosine_pearson": 0.8536191119335849,
        "cosine_spearman": 0.8619771875302481,
        "euclidean_pearson": 0.8619929779709847,
        "euclidean_spearman": 0.8661915449030639,
        "hf_subset": "default",
        "languages": [
          "eng-Latn"
        ],
        "main_score": 0.8619771875302481,
        "manhattan_pearson": 0.8619530663732886,
        "manhattan_spearman": 0.8661279965087568,
        "pearson": [
          0.8536191138343158,
          0.0
        ],
        "spearman": [
          0.8619771814964071,
          0.0
        ]
      }
    ]
  },
  "task_name": "STS15"
}