{
  "dataset_revision": "de9d86b3b84231dc21f76c7b7af1f28e2f57f6e3",
  "evaluation_time": 0.8481638431549072,
  "kg_co2_emissions": null,
  "mteb_version": "1.12.83",
  "scores": {
    "test": [
      {
        "cosine_pearson": 0.638844777051175,
        "cosine_spearman": 0.6631752072691028,
        "euclidean_pearson": 0.6655152263879565,
        "euclidean_spearman": 0.6637473541515363,
        "hf_subset": "en",
        "languages": [
          "eng-Latn"
        ],
        "main_score": 0.6631752072691028,
        "manhattan_pearson": 0.6651605090088212,
        "manhattan_spearman": 0.6623873862417977,
        "pearson": [
          0.638844772965458,
          5.500762161979562e-24
        ],
        "spearman": [
          0.6631752072691028,
          2.484982741167061e-26
        ]
      }
    ]
  },
  "task_name": "STS22"
}