{
  "dataset_revision": "b0fddb56ed78048fa8b90373c8a3cfc37b684831",
  "evaluation_time": 0.6304233074188232,
  "kg_co2_emissions": null,
  "mteb_version": "1.12.83",
  "scores": {
    "test": [
      {
        "cosine_pearson": 0.838892507586471,
        "cosine_spearman": 0.8378265341491491,
        "euclidean_pearson": 0.8491135863110044,
        "euclidean_spearman": 0.8410485791108276,
        "hf_subset": "default",
        "languages": [
          "eng-Latn"
        ],
        "main_score": 0.8378265341491491,
        "manhattan_pearson": 0.8499213044391264,
        "manhattan_spearman": 0.8417905968260393,
        "pearson": [
          0.8388925081997998,
          0.0
        ],
        "spearman": [
          0.8378265341491491,
          0.0
        ]
      }
    ]
  },
  "task_name": "STSBenchmark"
}