{
  "dataset_revision": "d3fb88f8f02e40887cd149695127462bbcf29b4a",
  "evaluation_time": 0.846733808517456,
  "kg_co2_emissions": null,
  "mteb_version": "1.12.83",
  "scores": {
    "test": [
      {
        "cosine_pearson": 0.6421195447710332,
        "cosine_spearman": 0.6428399487491395,
        "euclidean_pearson": 0.655658355869676,
        "euclidean_spearman": 0.6437134626286494,
        "hf_subset": "default",
        "languages": [
          "eng-Latn"
        ],
        "main_score": 0.6428399487491395,
        "manhattan_pearson": 0.6526303317325473,
        "manhattan_spearman": 0.6410447271209052,
        "pearson": [
          0.6421195631558722,
          6.020176987675693e-13
        ],
        "spearman": [
          0.6428399487491395,
          5.566713842289007e-13
        ]
      }
    ]
  },
  "task_name": "BIOSSES"
}