{
  "dataset_revision": "20a6d6f312dd54037fe07a32d58e5e168867909d",
  "evaluation_time": 18.84367084503174,
  "kg_co2_emissions": null,
  "mteb_version": "1.12.83",
  "scores": {
    "test": [
      {
        "cosine_pearson": 0.7622776596476556,
        "cosine_spearman": 0.737648551835221,
        "euclidean_pearson": 0.7774118657841971,
        "euclidean_spearman": 0.7379722906482987,
        "hf_subset": "default",
        "languages": [
          "eng-Latn"
        ],
        "main_score": 0.737648551835221,
        "manhattan_pearson": 0.7775304400107033,
        "manhattan_spearman": 0.7379384687854956,
        "pearson": [
          0.7622776537055105,
          0.0
        ],
        "spearman": [
          0.737648629493144,
          0.0
        ]
      }
    ]
  },
  "task_name": "SICK-R"
}