{
  "dataset_revision": "cda12ad7615edc362dbf25a00fdd61d3b1eaf93c",
  "evaluation_time": 12.806972980499268,
  "kg_co2_emissions": null,
  "mteb_version": "1.12.83",
  "scores": {
    "test": [
      {
        "cosine_pearson": 0.2974577823519813,
        "cosine_spearman": 0.3152010308380298,
        "dot_pearson": 0.2990805617011621,
        "dot_spearman": 0.31255018067527535,
        "hf_subset": "default",
        "languages": [
          "eng-Latn"
        ],
        "main_score": 0.3152010308380298,
        "pearson": 0.2974576020777942,
        "spearman": 0.3152010308380298
      }
    ]
  },
  "task_name": "SummEval"
}