{
  "dataset_revision": "59042f120c80e8afa9cdbb224f67076cec0fc9a7",
  "evaluation_time": 170.09962129592896,
  "kg_co2_emissions": null,
  "mteb_version": "1.12.83",
  "scores": {
    "test": [
      {
        "hf_subset": "default",
        "languages": [
          "eng-Latn"
        ],
        "main_score": 0.32117439375819135,
        "map": 0.32117439375819135,
        "mrr": 0.3334450673894977,
        "nAUC_map_diff1": 0.1843620080330412,
        "nAUC_map_max": -0.21261625551269842,
        "nAUC_map_std": 0.0911667529297874,
        "nAUC_mrr_diff1": 0.16596614260488404,
        "nAUC_mrr_max": -0.15880299493633596,
        "nAUC_mrr_std": 0.08751030541487302
      }
    ]
  },
  "task_name": "MindSmallReranking"
}