{
  "dataset_revision": "d3c5e1fc0b855ab6097bf1cda04dd73947d7caab",
  "evaluation_time": 182.3634648323059,
  "kg_co2_emissions": null,
  "mteb_version": "1.12.83",
  "scores": {
    "test": [
      {
        "hf_subset": "default",
        "languages": [
          "eng-Latn"
        ],
        "main_score": 0.8595881429529155,
        "map": 0.8595881429529155,
        "mrr": 0.9616201608848667,
        "nAUC_map_diff1": -0.022168733223433358,
        "nAUC_map_max": 0.5932653512136119,
        "nAUC_map_std": 0.7467504554243144,
        "nAUC_mrr_diff1": 0.4136599972176981,
        "nAUC_mrr_max": 0.8911145797291361,
        "nAUC_mrr_std": 0.8716109429495114
      }
    ]
  },
  "task_name": "SciDocsRR"
}