{
  "dataset_revision": "20a6d6f312dd54037fe07a32d58e5e168867909d",
  "evaluation_time": 23.71761965751648,
  "kg_co2_emissions": null,
  "mteb_version": "1.12.83",
  "scores": {
    "test": [
      {
        "cosine_pearson": 0.8557849307997386,
        "cosine_spearman": 0.8012563734465143,
        "euclidean_pearson": 0.8335118754192423,
        "euclidean_spearman": 0.8006923130900192,
        "hf_subset": "default",
        "languages": [
          "eng-Latn"
        ],
        "main_score": 0.8012563734465143,
        "manhattan_pearson": 0.8333586691592207,
        "manhattan_spearman": 0.8004791586858294,
        "pearson": [
          0.8557849304288888,
          0.0
        ],
        "spearman": [
          0.8012561289043979,
          0.0
        ]
      }
    ]
  },
  "task_name": "SICK-R"
}