{
  "dataset_revision": "e185fbe320c72810689fc5848eb6114e1ef5ec69",
  "evaluation_time": 135.31522965431213,
  "kg_co2_emissions": null,
  "mteb_version": "1.12.83",
  "scores": {
    "test": [
      {
        "hf_subset": "default",
        "languages": [
          "eng-Latn"
        ],
        "main_score": 0.5026505136556695,
        "map": 0.5026505136556695,
        "mrr": 0.511595338893133,
        "nAUC_map_diff1": 0.36699095195715425,
        "nAUC_map_max": 0.12826786581374194,
        "nAUC_map_std": 0.09534740523820329,
        "nAUC_mrr_diff1": 0.367976512230939,
        "nAUC_mrr_max": 0.13323571051924318,
        "nAUC_mrr_std": 0.09798124812615007
      }
    ]
  },
  "task_name": "StackOverflowDupQuestions"
}