{
  "dataset_revision": "ae752c7c21bf194d8b67fd573edf7ae58183cbe3",
  "evaluation_time": 8.962777614593506,
  "kg_co2_emissions": null,
  "mteb_version": "1.12.83",
  "scores": {
    "test": [
      {
        "cosine_pearson": 0.853630328317846,
        "cosine_spearman": 0.8676412923580712,
        "euclidean_pearson": 0.8664621733336693,
        "euclidean_spearman": 0.870211822910724,
        "hf_subset": "default",
        "languages": [
          "eng-Latn"
        ],
        "main_score": 0.8676412923580712,
        "manhattan_pearson": 0.866115766516381,
        "manhattan_spearman": 0.8699422619153114,
        "pearson": [
          0.8536303310159212,
          0.0
        ],
        "spearman": [
          0.8676412874632249,
          0.0
        ]
      }
    ]
  },
  "task_name": "STS15"
}