{
  "dataset_revision": "a0d554a64d88156834ff5ae9920b964011b16384",
  "evaluation_time": 10.422063827514648,
  "kg_co2_emissions": null,
  "mteb_version": "1.12.83",
  "scores": {
    "test": [
      {
        "cosine_pearson": 0.8301861247040883,
        "cosine_spearman": 0.7533428845611586,
        "euclidean_pearson": 0.8038496890432572,
        "euclidean_spearman": 0.7549646940705903,
        "hf_subset": "default",
        "languages": [
          "eng-Latn"
        ],
        "main_score": 0.7533428845611586,
        "manhattan_pearson": 0.804464129039267,
        "manhattan_spearman": 0.7553610934332111,
        "pearson": [
          0.8301861087955384,
          0.0
        ],
        "spearman": [
          0.7533337835603604,
          0.0
        ]
      }
    ]
  },
  "task_name": "STS12"
}