{
  "dataset_revision": "d3fb88f8f02e40887cd149695127462bbcf29b4a",
  "evaluation_time": 0.16697120666503906,
  "kg_co2_emissions": null,
  "mteb_version": "1.12.83",
  "scores": {
    "test": [
      {
        "cosine_pearson": 0.8370532883843936,
        "cosine_spearman": 0.7996748476399088,
        "euclidean_pearson": 0.8328203550865819,
        "euclidean_spearman": 0.8039641019999851,
        "hf_subset": "default",
        "languages": [
          "eng-Latn"
        ],
        "main_score": 0.7996748476399088,
        "manhattan_pearson": 0.8285370546765732,
        "manhattan_spearman": 0.7996929203408641,
        "pearson": [
          0.837053296838124,
          2.0550810506107177e-27
        ],
        "spearman": [
          0.7996748476399088,
          1.9473186560616907e-23
        ]
      }
    ]
  },
  "task_name": "BIOSSES"
}