{
  "dataset_revision": "20a6d6f312dd54037fe07a32d58e5e168867909d",
  "evaluation_time": 3.836050510406494,
  "kg_co2_emissions": null,
  "mteb_version": "1.12.83",
  "scores": {
    "test": [
      {
        "cosine_pearson": 0.8436475030402864,
        "cosine_spearman": 0.7791273435907786,
        "euclidean_pearson": 0.8157647082004117,
        "euclidean_spearman": 0.778325293452621,
        "hf_subset": "default",
        "languages": [
          "eng-Latn"
        ],
        "main_score": 0.7791273435907786,
        "manhattan_pearson": 0.8140519011227655,
        "manhattan_spearman": 0.7777058065741258,
        "pearson": [
          0.8436475047961135,
          0.0
        ],
        "spearman": [
          0.7791273128400923,
          0.0
        ]
      }
    ]
  },
  "task_name": "SICK-R"
}