{
  "dataset_revision": "6031580fec1f6af667f0bd2da0a551cf4f0b2375",
  "evaluation_time": 1.6511147022247314,
  "kg_co2_emissions": null,
  "mteb_version": "1.12.83",
  "scores": {
    "test": [
      {
        "cosine_pearson": 0.8139788435576524,
        "cosine_spearman": 0.7739280808931561,
        "euclidean_pearson": 0.815663050109211,
        "euclidean_spearman": 0.7863384914676611,
        "hf_subset": "default",
        "languages": [
          "eng-Latn"
        ],
        "main_score": 0.7739280808931561,
        "manhattan_pearson": 0.8149736631634935,
        "manhattan_spearman": 0.7861646632794475,
        "pearson": [
          0.8139788453502423,
          0.0
        ],
        "spearman": [
          0.7739281631823792,
          0.0
        ]
      }
    ]
  },
  "task_name": "STS14"
}