{
  "dataset_revision": "ae752c7c21bf194d8b67fd573edf7ae58183cbe3",
  "evaluation_time": 1.2178142070770264,
  "kg_co2_emissions": null,
  "mteb_version": "1.12.83",
  "scores": {
    "test": [
      {
        "cosine_pearson": 0.8514031193460094,
        "cosine_spearman": 0.859944721744013,
        "euclidean_pearson": 0.861074593883314,
        "euclidean_spearman": 0.8651571308140238,
        "hf_subset": "default",
        "languages": [
          "eng-Latn"
        ],
        "main_score": 0.859944721744013,
        "manhattan_pearson": 0.8606418093450067,
        "manhattan_spearman": 0.8646480556094576,
        "pearson": [
          0.8514031195930314,
          0.0
        ],
        "spearman": [
          0.8599447407632649,
          0.0
        ]
      }
    ]
  },
  "task_name": "STS15"
}