{
  "dataset_revision": "faeb762787bd10488a50c8b5be4a3b82e411949c",
  "evaluation_time": 0.197418212890625,
  "kg_co2_emissions": null,
  "mteb_version": "1.12.83",
  "scores": {
    "test": [
      {
        "cosine_pearson": 0.8933504384970182,
        "cosine_spearman": 0.8954971245197141,
        "euclidean_pearson": 0.8956431460185998,
        "euclidean_spearman": 0.89473678814169,
        "hf_subset": "en-en",
        "languages": [
          "eng-Latn"
        ],
        "main_score": 0.8954971245197141,
        "manhattan_pearson": 0.8968455134265276,
        "manhattan_spearman": 0.8966837566728791,
        "pearson": [
          0.893350439795909,
          3.9480739368420597e-88
        ],
        "spearman": [
          0.8954971245197141,
          3.6421188102776524e-89
        ]
      }
    ]
  },
  "task_name": "STS17"
}