{
  "dataset_revision": "de9d86b3b84231dc21f76c7b7af1f28e2f57f6e3",
  "evaluation_time": 0.8975896835327148,
  "kg_co2_emissions": null,
  "mteb_version": "1.12.83",
  "scores": {
    "test": [
      {
        "cosine_pearson": 0.6319769264831991,
        "cosine_spearman": 0.6562345691277206,
        "euclidean_pearson": 0.6591775313749371,
        "euclidean_spearman": 0.6587217396436756,
        "hf_subset": "en",
        "languages": [
          "eng-Latn"
        ],
        "main_score": 0.6562345691277206,
        "manhattan_pearson": 0.6577845040533086,
        "manhattan_spearman": 0.6570232040197235,
        "pearson": [
          0.6319769235477839,
          2.3165609499055982e-23
        ],
        "spearman": [
          0.6562345691277206,
          1.2200668193709973e-25
        ]
      }
    ]
  },
  "task_name": "STS22"
}