{
  "dataset_revision": "d3fb88f8f02e40887cd149695127462bbcf29b4a",
  "evaluation_time": 0.2245802879333496,
  "kg_co2_emissions": null,
  "mteb_version": "1.12.83",
  "scores": {
    "test": [
      {
        "cosine_pearson": 0.8468262829703473,
        "cosine_spearman": 0.81520532199423,
        "euclidean_pearson": 0.8352337845848565,
        "euclidean_spearman": 0.8156149698825519,
        "hf_subset": "default",
        "languages": [
          "eng-Latn"
        ],
        "main_score": 0.81520532199423,
        "manhattan_pearson": 0.8338963300831652,
        "manhattan_spearman": 0.8175969427539916,
        "pearson": [
          0.8468262860499104,
          1.272424529190436e-28
        ],
        "spearman": [
          0.81520532199423,
          5.583827306712459e-25
        ]
      }
    ]
  },
  "task_name": "BIOSSES"
}