{
  "dataset_revision": "7e90230a92c190f1bf69ae9002b8cea547a64cca",
  "evaluation_time": 0.9567615985870361,
  "kg_co2_emissions": null,
  "mteb_version": "1.12.83",
  "scores": {
    "test": [
      {
        "cosine_pearson": 0.8053731633831159,
        "cosine_spearman": 0.8135440941102628,
        "euclidean_pearson": 0.8163231666793954,
        "euclidean_spearman": 0.8177743049469082,
        "hf_subset": "default",
        "languages": [
          "eng-Latn"
        ],
        "main_score": 0.8135440941102628,
        "manhattan_pearson": 0.8170630911782826,
        "manhattan_spearman": 0.8188206887190006,
        "pearson": [
          0.805373164451862,
          0.0
        ],
        "spearman": [
          0.8135449295707873,
          0.0
        ]
      }
    ]
  },
  "task_name": "STS13"
}