{
  "dataset_revision": "6031580fec1f6af667f0bd2da0a551cf4f0b2375",
  "evaluation_time": 2.2527101039886475,
  "kg_co2_emissions": null,
  "mteb_version": "1.12.83",
  "scores": {
    "test": [
      {
        "cosine_pearson": 0.8178908491804807,
        "cosine_spearman": 0.7818846516775317,
        "euclidean_pearson": 0.8140086977273748,
        "euclidean_spearman": 0.787357724984835,
        "hf_subset": "default",
        "languages": [
          "eng-Latn"
        ],
        "main_score": 0.7818846516775317,
        "manhattan_pearson": 0.8137694238658174,
        "manhattan_spearman": 0.7872103335510849,
        "pearson": [
          0.8178908485638192,
          0.0
        ],
        "spearman": [
          0.7818845730316625,
          0.0
        ]
      }
    ]
  },
  "task_name": "STS14"
}