{
  "dataset_revision": "4d8694f8f0e0100860b497b999b3dbed754a0513",
  "evaluation_time": 0.9912276268005371,
  "kg_co2_emissions": null,
  "mteb_version": "1.12.83",
  "scores": {
    "test": [
      {
        "cosine_pearson": 0.8271670577194049,
        "cosine_spearman": 0.8422301700174124,
        "euclidean_pearson": 0.8393128049609415,
        "euclidean_spearman": 0.8432015809561156,
        "hf_subset": "default",
        "languages": [
          "eng-Latn"
        ],
        "main_score": 0.8422301700174124,
        "manhattan_pearson": 0.8391165774960053,
        "manhattan_spearman": 0.8426002070763927,
        "pearson": [
          0.827167052248679,
          1.2446509862921418e-298
        ],
        "spearman": [
          0.842230165473609,
          5.667e-320
        ]
      }
    ]
  },
  "task_name": "STS16"
}