{
  "dataset_revision": "b0fddb56ed78048fa8b90373c8a3cfc37b684831",
  "evaluation_time": 0.9988722801208496,
  "kg_co2_emissions": null,
  "mteb_version": "1.12.83",
  "scores": {
    "test": [
      {
        "cosine_pearson": 0.8484289470143356,
        "cosine_spearman": 0.8482967624739359,
        "euclidean_pearson": 0.8561076446313374,
        "euclidean_spearman": 0.8490044309107997,
        "hf_subset": "default",
        "languages": [
          "eng-Latn"
        ],
        "main_score": 0.8482967624739359,
        "manhattan_pearson": 0.8555768299477523,
        "manhattan_spearman": 0.848684546066411,
        "pearson": [
          0.8484289408818697,
          0.0
        ],
        "spearman": [
          0.8482966502288783,
          0.0
        ]
      }
    ]
  },
  "task_name": "STSBenchmark"
}