{
  "dataset_revision": "cda12ad7615edc362dbf25a00fdd61d3b1eaf93c",
  "evaluation_time": 3.2024009227752686,
  "kg_co2_emissions": null,
  "mteb_version": "1.12.83",
  "scores": {
    "test": [
      {
        "cosine_pearson": 0.3017097292625902,
        "cosine_spearman": 0.30566330608007336,
        "dot_pearson": 0.29638081409985007,
        "dot_spearman": 0.2997319568566849,
        "hf_subset": "default",
        "languages": [
          "eng-Latn"
        ],
        "main_score": 0.30566330608007336,
        "pearson": 0.30170971845779704,
        "spearman": 0.30566330608007336
      }
    ]
  },
  "task_name": "SummEval"
}