{
  "dataset_revision": "20a6d6f312dd54037fe07a32d58e5e168867909d",
  "evaluation_time": 7.175287961959839,
  "kg_co2_emissions": null,
  "mteb_version": "1.12.83",
  "scores": {
    "test": [
      {
        "cosine_pearson": 0.8582345269734938,
        "cosine_spearman": 0.8047828155324661,
        "euclidean_pearson": 0.8304685995398238,
        "euclidean_spearman": 0.8039860376504063,
        "hf_subset": "default",
        "languages": [
          "eng-Latn"
        ],
        "main_score": 0.8047828155324661,
        "manhattan_pearson": 0.8306105522515228,
        "manhattan_spearman": 0.8039223120960174,
        "pearson": [
          0.8582345288502945,
          0.0
        ],
        "spearman": [
          0.8047828102651478,
          0.0
        ]
      }
    ]
  },
  "task_name": "SICK-R"
}