{
  "dataset_revision": "a0d554a64d88156834ff5ae9920b964011b16384",
  "evaluation_time": 2.9371213912963867,
  "kg_co2_emissions": null,
  "mteb_version": "1.12.83",
  "scores": {
    "test": [
      {
        "cosine_pearson": 0.8441599619093011,
        "cosine_spearman": 0.749349808089395,
        "euclidean_pearson": 0.8203492785837511,
        "euclidean_spearman": 0.7572366312848429,
        "hf_subset": "default",
        "languages": [
          "eng-Latn"
        ],
        "main_score": 0.749349808089395,
        "manhattan_pearson": 0.820122826663985,
        "manhattan_spearman": 0.7569838745942833,
        "pearson": [
          0.8441599573557073,
          0.0
        ],
        "spearman": [
          0.7493638972119248,
          0.0
        ]
      }
    ]
  },
  "task_name": "STS12"
}