{
  "dataset_revision": "7e90230a92c190f1bf69ae9002b8cea547a64cca",
  "evaluation_time": 1.2870714664459229,
  "kg_co2_emissions": null,
  "mteb_version": "1.12.83",
  "scores": {
    "test": [
      {
        "cosine_pearson": 0.826546365165204,
        "cosine_spearman": 0.8340559340222351,
        "euclidean_pearson": 0.8431565985206982,
        "euclidean_spearman": 0.8433680759208559,
        "hf_subset": "default",
        "languages": [
          "eng-Latn"
        ],
        "main_score": 0.8340559340222351,
        "manhattan_pearson": 0.8433738016692488,
        "manhattan_spearman": 0.8436639222283036,
        "pearson": [
          0.8265463701998031,
          0.0
        ],
        "spearman": [
          0.8340564820985744,
          0.0
        ]
      }
    ]
  },
  "task_name": "STS13"
}