{
  "dataset_revision": "4d8694f8f0e0100860b497b999b3dbed754a0513",
  "evaluation_time": 1.1477205753326416,
  "kg_co2_emissions": null,
  "mteb_version": "1.12.83",
  "scores": {
    "test": [
      {
        "cosine_pearson": 0.8388298781248344,
        "cosine_spearman": 0.856469380096311,
        "euclidean_pearson": 0.8553080414788825,
        "euclidean_spearman": 0.860904995184696,
        "hf_subset": "default",
        "languages": [
          "eng-Latn"
        ],
        "main_score": 0.856469380096311,
        "manhattan_pearson": 0.8550803182046369,
        "manhattan_spearman": 0.8608432438310989,
        "pearson": [
          0.8388298816998732,
          5.786051147e-315
        ],
        "spearman": [
          0.856468541815162,
          0.0
        ]
      }
    ]
  },
  "task_name": "STS16"
}