{
  "dataset_revision": "6031580fec1f6af667f0bd2da0a551cf4f0b2375",
  "evaluation_time": 3.1578729152679443,
  "kg_co2_emissions": null,
  "mteb_version": "1.12.83",
  "scores": {
    "test": [
      {
        "cosine_pearson": 0.8366918638440367,
        "cosine_spearman": 0.8005557147352202,
        "euclidean_pearson": 0.8376397527023122,
        "euclidean_spearman": 0.8141174383455194,
        "hf_subset": "default",
        "languages": [
          "eng-Latn"
        ],
        "main_score": 0.8005557147352202,
        "manhattan_pearson": 0.8373669423389687,
        "manhattan_spearman": 0.8139786274461774,
        "pearson": [
          0.8366918628030309,
          0.0
        ],
        "spearman": [
          0.8005556676937127,
          0.0
        ]
      }
    ]
  },
  "task_name": "STS14"
}