{
  "dataset_revision": "cda12ad7615edc362dbf25a00fdd61d3b1eaf93c",
  "evaluation_time": 5.288966178894043,
  "kg_co2_emissions": null,
  "mteb_version": "1.12.83",
  "scores": {
    "test": [
      {
        "cosine_pearson": 0.306046076158178,
        "cosine_spearman": 0.3026805503480496,
        "dot_pearson": 0.3055304367861043,
        "dot_spearman": 0.30736303193329617,
        "hf_subset": "default",
        "languages": [
          "eng-Latn"
        ],
        "main_score": 0.3026805503480496,
        "pearson": 0.3060460679648088,
        "spearman": 0.3026519265232438
      }
    ]
  },
  "task_name": "SummEval"
}