{
  "dataset_revision": "20a6d6f312dd54037fe07a32d58e5e168867909d",
  "evaluation_time": 5.923583030700684,
  "kg_co2_emissions": null,
  "mteb_version": "1.12.83",
  "scores": {
    "test": [
      {
        "cosine_pearson": 0.7793965693962999,
        "cosine_spearman": 0.741457380712656,
        "euclidean_pearson": 0.7778720439142125,
        "euclidean_spearman": 0.7420036486321722,
        "hf_subset": "default",
        "languages": [
          "eng-Latn"
        ],
        "main_score": 0.741457380712656,
        "manhattan_pearson": 0.7790183698844095,
        "manhattan_spearman": 0.742439377385068,
        "pearson": [
          0.7793965683026843,
          0.0
        ],
        "spearman": [
          0.7414571181583053,
          0.0
        ]
      }
    ]
  },
  "task_name": "SICK-R"
}