{
  "dataset_revision": "7e90230a92c190f1bf69ae9002b8cea547a64cca",
  "evaluation_time": 0.9592862129211426,
  "kg_co2_emissions": null,
  "mteb_version": "1.12.83",
  "scores": {
    "test": [
      {
        "cosine_pearson": 0.6672128443638089,
        "cosine_spearman": 0.682949425939814,
        "euclidean_pearson": 0.6896326502317736,
        "euclidean_spearman": 0.6936884242190423,
        "hf_subset": "default",
        "languages": [
          "eng-Latn"
        ],
        "main_score": 0.682949425939814,
        "manhattan_pearson": 0.6868819640373943,
        "manhattan_spearman": 0.690675070257019,
        "pearson": [
          0.6672128506261773,
          7.303433921219925e-194
        ],
        "spearman": [
          0.682949425939814,
          1.4187300681138365e-206
        ]
      }
    ]
  },
  "task_name": "STS13"
}