{
  "dataset_revision": "4d8694f8f0e0100860b497b999b3dbed754a0513",
  "evaluation_time": 0.810035228729248,
  "kg_co2_emissions": null,
  "mteb_version": "1.12.83",
  "scores": {
    "test": [
      {
        "cosine_pearson": 0.7370809531379606,
        "cosine_spearman": 0.7695837144786865,
        "euclidean_pearson": 0.7732136659714329,
        "euclidean_spearman": 0.7763490009115108,
        "hf_subset": "default",
        "languages": [
          "eng-Latn"
        ],
        "main_score": 0.7695837144786865,
        "manhattan_pearson": 0.772064458883681,
        "manhattan_spearman": 0.7754205037498784,
        "pearson": [
          0.7370809610181902,
          1.0126774718401387e-203
        ],
        "spearman": [
          0.7695837103268083,
          6.701392849847138e-233
        ]
      }
    ]
  },
  "task_name": "STS16"
}