{
  "dataset_revision": "de9d86b3b84231dc21f76c7b7af1f28e2f57f6e3",
  "evaluation_time": 1.3466517925262451,
  "kg_co2_emissions": null,
  "mteb_version": "1.12.83",
  "scores": {
    "test": [
      {
        "cosine_pearson": 0.6231877171511684,
        "cosine_spearman": 0.6557820603558387,
        "euclidean_pearson": 0.6597019117058855,
        "euclidean_spearman": 0.653261521387281,
        "hf_subset": "en",
        "languages": [
          "eng-Latn"
        ],
        "main_score": 0.6557820603558387,
        "manhattan_pearson": 0.6596650494241922,
        "manhattan_spearman": 0.6536977528652103,
        "pearson": [
          0.6231877241517919,
          1.3851153210304873e-22
        ],
        "spearman": [
          0.6557820603558387,
          1.3514732665239884e-25
        ]
      }
    ]
  },
  "task_name": "STS22"
}