{
  "dataset_revision": "d3fb88f8f02e40887cd149695127462bbcf29b4a",
  "evaluation_time": 0.18085312843322754,
  "kg_co2_emissions": null,
  "mteb_version": "1.12.83",
  "scores": {
    "test": [
      {
        "cosine_pearson": 0.8284180273057784,
        "cosine_spearman": 0.7877709619439665,
        "euclidean_pearson": 0.8232000819957723,
        "euclidean_spearman": 0.793566274716991,
        "hf_subset": "default",
        "languages": [
          "eng-Latn"
        ],
        "main_score": 0.7877709619439665,
        "manhattan_pearson": 0.821177817961341,
        "manhattan_spearman": 0.7893131657588254,
        "pearson": [
          0.8284180007500909,
          2.069280560003567e-26
        ],
        "spearman": [
          0.7877709619439665,
          2.415016089639979e-22
        ]
      }
    ]
  },
  "task_name": "BIOSSES"
}