{
  "dataset_revision": "20a6d6f312dd54037fe07a32d58e5e168867909d",
  "evaluation_time": 3.8755509853363037,
  "kg_co2_emissions": null,
  "mteb_version": "1.12.83",
  "scores": {
    "test": [
      {
        "cosine_pearson": 0.8422734587078714,
        "cosine_spearman": 0.7776112115055159,
        "euclidean_pearson": 0.8132736227379668,
        "euclidean_spearman": 0.7764518241792011,
        "hf_subset": "default",
        "languages": [
          "eng-Latn"
        ],
        "main_score": 0.7776112115055159,
        "manhattan_pearson": 0.8117051376197317,
        "manhattan_spearman": 0.7758089751340002,
        "pearson": [
          0.8422734618857345,
          0.0
        ],
        "spearman": [
          0.7776110281081073,
          0.0
        ]
      }
    ]
  },
  "task_name": "SICK-R"
}