{
  "dataset_revision": "7e90230a92c190f1bf69ae9002b8cea547a64cca",
  "evaluation_time": 0.6617147922515869,
  "kg_co2_emissions": null,
  "mteb_version": "1.12.83",
  "scores": {
    "test": [
      {
        "cosine_pearson": 0.7924979262141078,
        "cosine_spearman": 0.802103757856862,
        "euclidean_pearson": 0.8105045129502729,
        "euclidean_spearman": 0.8109609668925182,
        "hf_subset": "default",
        "languages": [
          "eng-Latn"
        ],
        "main_score": 0.802103757856862,
        "manhattan_pearson": 0.8087083348728469,
        "manhattan_spearman": 0.8088656240620145,
        "pearson": [
          0.7924979278564909,
          1e-323
        ],
        "spearman": [
          0.8021037571438806,
          0.0
        ]
      }
    ]
  },
  "task_name": "STS13"
}