{
  "dataset_revision": "a0d554a64d88156834ff5ae9920b964011b16384",
  "evaluation_time": 1.3085854053497314,
  "kg_co2_emissions": null,
  "mteb_version": "1.12.83",
  "scores": {
    "test": [
      {
        "cosine_pearson": 0.8146873713644025,
        "cosine_spearman": 0.7163580976574119,
        "euclidean_pearson": 0.7909457956049941,
        "euclidean_spearman": 0.7226081141989095,
        "hf_subset": "default",
        "languages": [
          "eng-Latn"
        ],
        "main_score": 0.7163580976574119,
        "manhattan_pearson": 0.7895463446607769,
        "manhattan_spearman": 0.7224478118573703,
        "pearson": [
          0.8146873734210305,
          0.0
        ],
        "spearman": [
          0.7163516556343523,
          0.0
        ]
      }
    ]
  },
  "task_name": "STS12"
}