{
  "dataset_revision": "de9d86b3b84231dc21f76c7b7af1f28e2f57f6e3",
  "evaluation_time": 0.86222243309021,
  "kg_co2_emissions": null,
  "mteb_version": "1.12.83",
  "scores": {
    "test": [
      {
        "cosine_pearson": 0.6318664019845719,
        "cosine_spearman": 0.6575424496968109,
        "euclidean_pearson": 0.6583703106162098,
        "euclidean_spearman": 0.6596861693103664,
        "hf_subset": "en",
        "languages": [
          "eng-Latn"
        ],
        "main_score": 0.6575424496968109,
        "manhattan_pearson": 0.6571916744735774,
        "manhattan_spearman": 0.6582147019370527,
        "pearson": [
          0.6318663800889539,
          2.3700988889213153e-23
        ],
        "spearman": [
          0.6575424496968109,
          9.068930442744728e-26
        ]
      }
    ]
  },
  "task_name": "STS22"
}