{
  "dataset_revision": "cda12ad7615edc362dbf25a00fdd61d3b1eaf93c",
  "evaluation_time": 2.6306519508361816,
  "kg_co2_emissions": null,
  "mteb_version": "1.12.83",
  "scores": {
    "test": [
      {
        "cosine_pearson": 0.30932902902606785,
        "cosine_spearman": 0.29686041224553755,
        "dot_pearson": 0.298251237744302,
        "dot_spearman": 0.29226094052585017,
        "hf_subset": "default",
        "languages": [
          "eng-Latn"
        ],
        "main_score": 0.29686041224553755,
        "pearson": 0.3093290348313025,
        "spearman": 0.29686099903652124
      }
    ]
  },
  "task_name": "SummEval"
}