{
  "dataset_revision": "d3fb88f8f02e40887cd149695127462bbcf29b4a",
  "evaluation_time": 0.2190403938293457,
  "kg_co2_emissions": null,
  "mteb_version": "1.12.83",
  "scores": {
    "test": [
      {
        "cosine_pearson": 0.8389121274153241,
        "cosine_spearman": 0.803849641560601,
        "euclidean_pearson": 0.8260510376471157,
        "euclidean_spearman": 0.8104582258766176,
        "hf_subset": "default",
        "languages": [
          "eng-Latn"
        ],
        "main_score": 0.803849641560601,
        "manhattan_pearson": 0.8254947282469032,
        "manhattan_spearman": 0.8116690968406278,
        "pearson": [
          0.8389121629202626,
          1.2281633331105846e-27
        ],
        "spearman": [
          0.803849641560601,
          7.733566776131351e-24
        ]
      }
    ]
  },
  "task_name": "BIOSSES"
}