{
  "dataset_revision": "20a6d6f312dd54037fe07a32d58e5e168867909d",
  "evaluation_time": 6.099257946014404,
  "kg_co2_emissions": null,
  "mteb_version": "1.12.83",
  "scores": {
    "test": [
      {
        "cosine_pearson": 0.8478030678084069,
        "cosine_spearman": 0.7957327538295413,
        "euclidean_pearson": 0.8214823108243102,
        "euclidean_spearman": 0.7961415185821532,
        "hf_subset": "default",
        "languages": [
          "eng-Latn"
        ],
        "main_score": 0.7957327538295413,
        "manhattan_pearson": 0.8211648542863874,
        "manhattan_spearman": 0.7962156007701512,
        "pearson": [
          0.8478030700634162,
          0.0
        ],
        "spearman": [
          0.7957327773945159,
          0.0
        ]
      }
    ]
  },
  "task_name": "SICK-R"
}