{
  "dataset_revision": "4d8694f8f0e0100860b497b999b3dbed754a0513",
  "evaluation_time": 0.8030095100402832,
  "kg_co2_emissions": null,
  "mteb_version": "1.12.83",
  "scores": {
    "test": [
      {
        "cosine_pearson": 0.8247710195780857,
        "cosine_spearman": 0.8404300470170867,
        "euclidean_pearson": 0.8383791137779326,
        "euclidean_spearman": 0.8419757275382544,
        "hf_subset": "default",
        "languages": [
          "eng-Latn"
        ],
        "main_score": 0.8404300470170867,
        "manhattan_pearson": 0.8380905104205697,
        "manhattan_spearman": 0.8417780682149789,
        "pearson": [
          0.824771021853556,
          1.989459356602019e-295
        ],
        "spearman": [
          0.8404300409716309,
          2.629199e-317
        ]
      }
    ]
  },
  "task_name": "STS16"
}