{
  "dataset_revision": "faeb762787bd10488a50c8b5be4a3b82e411949c",
  "evaluation_time": 0.2933356761932373,
  "kg_co2_emissions": null,
  "mteb_version": "1.12.83",
  "scores": {
    "test": [
      {
        "cosine_pearson": 0.8947294055571652,
        "cosine_spearman": 0.8975486489127954,
        "euclidean_pearson": 0.9009002503592434,
        "euclidean_spearman": 0.8956358916746516,
        "hf_subset": "en-en",
        "languages": [
          "eng-Latn"
        ],
        "main_score": 0.8975486489127954,
        "manhattan_pearson": 0.9015695817270942,
        "manhattan_spearman": 0.8970831446894448,
        "pearson": [
          0.8947294066041364,
          8.591757227540404e-89
        ],
        "spearman": [
          0.8975486489127954,
          3.555623271909026e-90
        ]
      }
    ]
  },
  "task_name": "STS17"
}