{
  "dataset_revision": "ae752c7c21bf194d8b67fd573edf7ae58183cbe3",
  "evaluation_time": 1.8535540103912354,
  "kg_co2_emissions": null,
  "mteb_version": "1.12.83",
  "scores": {
    "test": [
      {
        "cosine_pearson": 0.8566287645728085,
        "cosine_spearman": 0.8654608618568251,
        "euclidean_pearson": 0.8624697300196464,
        "euclidean_spearman": 0.8677650256556271,
        "hf_subset": "default",
        "languages": [
          "eng-Latn"
        ],
        "main_score": 0.8654608618568251,
        "manhattan_pearson": 0.861536578137281,
        "manhattan_spearman": 0.8667752949956301,
        "pearson": [
          0.856628765014799,
          0.0
        ],
        "spearman": [
          0.8654609261403454,
          0.0
        ]
      }
    ]
  },
  "task_name": "STS15"
}