{
  "dataset_revision": "de9d86b3b84231dc21f76c7b7af1f28e2f57f6e3",
  "evaluation_time": 1.347947120666504,
  "kg_co2_emissions": null,
  "mteb_version": "1.12.83",
  "scores": {
    "test": [
      {
        "cosine_pearson": 0.6303975612577887,
        "cosine_spearman": 0.6577646347592636,
        "euclidean_pearson": 0.6597472947915248,
        "euclidean_spearman": 0.6573593301398443,
        "hf_subset": "en",
        "languages": [
          "eng-Latn"
        ],
        "main_score": 0.6577646347592636,
        "manhattan_pearson": 0.6603155299831555,
        "manhattan_spearman": 0.6586623275207487,
        "pearson": [
          0.630397572349239,
          3.207986766040256e-23
        ],
        "spearman": [
          0.6577646347592636,
          8.621978111680156e-26
        ]
      }
    ]
  },
  "task_name": "STS22"
}