{
  "dataset_revision": "20a6d6f312dd54037fe07a32d58e5e168867909d",
  "evaluation_time": 3.9972147941589355,
  "kg_co2_emissions": null,
  "mteb_version": "1.12.83",
  "scores": {
    "test": [
      {
        "cosine_pearson": 0.8070626237051073,
        "cosine_spearman": 0.7524161397450515,
        "euclidean_pearson": 0.7956416768955834,
        "euclidean_spearman": 0.7530901503983923,
        "hf_subset": "default",
        "languages": [
          "eng-Latn"
        ],
        "main_score": 0.7524161397450515,
        "manhattan_pearson": 0.7926935329368773,
        "manhattan_spearman": 0.7516179682204059,
        "pearson": [
          0.8070626233885089,
          0.0
        ],
        "spearman": [
          0.7524162672684646,
          0.0
        ]
      }
    ]
  },
  "task_name": "SICK-R"
}