{
  "dataset_revision": "4d8694f8f0e0100860b497b999b3dbed754a0513",
  "evaluation_time": 0.5996124744415283,
  "kg_co2_emissions": null,
  "mteb_version": "1.12.83",
  "scores": {
    "test": [
      {
        "cosine_pearson": 0.7432139491732807,
        "cosine_spearman": 0.7777976713510871,
        "euclidean_pearson": 0.7791386499330463,
        "euclidean_spearman": 0.7826141403465423,
        "hf_subset": "default",
        "languages": [
          "eng-Latn"
        ],
        "main_score": 0.7777976713510871,
        "manhattan_pearson": 0.7794587943832498,
        "manhattan_spearman": 0.7829344155724176,
        "pearson": [
          0.7432139417311584,
          6.91296276442619e-209
        ],
        "spearman": [
          0.7777932015072653,
          4.831821399500775e-241
        ]
      }
    ]
  },
  "task_name": "STS16"
}