{
  "dataset_revision": "b0fddb56ed78048fa8b90373c8a3cfc37b684831",
  "evaluation_time": 0.6211321353912354,
  "kg_co2_emissions": null,
  "mteb_version": "1.12.83",
  "scores": {
    "test": [
      {
        "cosine_pearson": 0.7478161874200885,
        "cosine_spearman": 0.7673017894946458,
        "euclidean_pearson": 0.7799365885996719,
        "euclidean_spearman": 0.7694765463838764,
        "hf_subset": "default",
        "languages": [
          "eng-Latn"
        ],
        "main_score": 0.7673017894946458,
        "manhattan_pearson": 0.7786396032750401,
        "manhattan_spearman": 0.7685236113076009,
        "pearson": [
          0.7478161785784175,
          3.154901719214591e-247
        ],
        "spearman": [
          0.7673019017397034,
          5.721662790104285e-268
        ]
      }
    ]
  },
  "task_name": "STSBenchmark"
}