{
  "dataset_revision": "d3fb88f8f02e40887cd149695127462bbcf29b4a",
  "evaluation_time": 0.33266377449035645,
  "kg_co2_emissions": null,
  "mteb_version": "1.12.83",
  "scores": {
    "test": [
      {
        "cosine_pearson": 0.865632446254113,
        "cosine_spearman": 0.8337238162398407,
        "euclidean_pearson": 0.8672935995083927,
        "euclidean_spearman": 0.8426999243810117,
        "hf_subset": "default",
        "languages": [
          "eng-Latn"
        ],
        "main_score": 0.8337238162398407,
        "manhattan_pearson": 0.8687659844695281,
        "manhattan_spearman": 0.8445132187102012,
        "pearson": [
          0.8656324401741239,
          3.3369495261188864e-31
        ],
        "spearman": [
          0.8337238162398407,
          5.085651721039779e-27
        ]
      }
    ]
  },
  "task_name": "BIOSSES"
}