{
  "dataset_revision": "20a6d6f312dd54037fe07a32d58e5e168867909d",
  "evaluation_time": 7.26526141166687,
  "kg_co2_emissions": null,
  "mteb_version": "1.12.83",
  "scores": {
    "test": [
      {
        "cosine_pearson": 0.8539945691629717,
        "cosine_spearman": 0.8094367302317773,
        "euclidean_pearson": 0.8186020102566446,
        "euclidean_spearman": 0.8055676903222903,
        "hf_subset": "default",
        "languages": [
          "eng-Latn"
        ],
        "main_score": 0.8094367302317773,
        "manhattan_pearson": 0.8182710014744692,
        "manhattan_spearman": 0.8053109869825679,
        "pearson": [
          0.853994571147399,
          0.0
        ],
        "spearman": [
          0.809436590439136,
          0.0
        ]
      }
    ]
  },
  "task_name": "SICK-R"
}