{
  "dataset_revision": "d66bd1f72af766a5cc4b0ca5e00c162f89e8cc46",
  "evaluation_time": 30.474101066589355,
  "kg_co2_emissions": null,
  "mteb_version": "1.12.83",
  "scores": {
    "test": [
      {
        "cosine_accuracy": 0.9974851485148515,
        "cosine_accuracy_threshold": 0.7721741795539856,
        "cosine_ap": 0.9331353757319857,
        "cosine_f1": 0.8699186991869919,
        "cosine_f1_threshold": 0.7596276998519897,
        "cosine_precision": 0.8842975206611571,
        "cosine_recall": 0.856,
        "dot_accuracy": 0.9956732673267327,
        "dot_accuracy_threshold": 792.087158203125,
        "dot_ap": 0.8317855575204194,
        "dot_f1": 0.7665245202558636,
        "dot_f1_threshold": 786.8985595703125,
        "dot_precision": 0.8207762557077626,
        "dot_recall": 0.719,
        "euclidean_accuracy": 0.9976435643564356,
        "euclidean_accuracy_threshold": 22.459810256958008,
        "euclidean_ap": 0.9411164673667365,
        "euclidean_f1": 0.8813559322033898,
        "euclidean_f1_threshold": 22.459810256958008,
        "euclidean_precision": 0.878727634194831,
        "euclidean_recall": 0.884,
        "hf_subset": "default",
        "languages": [
          "eng-Latn"
        ],
        "main_score": 0.9411164673667365,
        "manhattan_accuracy": 0.9976336633663366,
        "manhattan_accuracy_threshold": 488.3795166015625,
        "manhattan_ap": 0.9404357023479222,
        "manhattan_f1": 0.8804347826086956,
        "manhattan_f1_threshold": 499.10504150390625,
        "manhattan_precision": 0.8701171875,
        "manhattan_recall": 0.891,
        "max_ap": 0.9411164673667365,
        "max_f1": 0.8813559322033898,
        "max_precision": 0.8842975206611571,
        "max_recall": 0.891,
        "similarity_accuracy": 0.9974851485148515,
        "similarity_accuracy_threshold": 0.7721741795539856,
        "similarity_ap": 0.9331344069483475,
        "similarity_f1": 0.8699186991869919,
        "similarity_f1_threshold": 0.7596276998519897,
        "similarity_precision": 0.8842975206611571,
        "similarity_recall": 0.856
      }
    ]
  },
  "task_name": "SprintDuplicateQuestions"
}