{
  "dataset_revision": "faeb762787bd10488a50c8b5be4a3b82e411949c",
  "evaluation_time": 0.28717565536499023,
  "kg_co2_emissions": null,
  "mteb_version": "1.12.83",
  "scores": {
    "test": [
      {
        "cosine_pearson": 0.886851681681508,
        "cosine_spearman": 0.883531628677885,
        "euclidean_pearson": 0.8720029941476016,
        "euclidean_spearman": 0.8603198429412868,
        "hf_subset": "en-en",
        "languages": [
          "eng-Latn"
        ],
        "main_score": 0.883531628677885,
        "manhattan_pearson": 0.8722660412254359,
        "manhattan_spearman": 0.8614153731118473,
        "pearson": [
          0.8868516752144903,
          3.979289406520888e-85
        ],
        "spearman": [
          0.883531628677885,
          1.158781480929916e-83
        ]
      }
    ]
  },
  "task_name": "STS17"
}