{
  "dataset_revision": "ae752c7c21bf194d8b67fd573edf7ae58183cbe3",
  "evaluation_time": 2.5415680408477783,
  "kg_co2_emissions": null,
  "mteb_version": "1.12.83",
  "scores": {
    "test": [
      {
        "cosine_pearson": 0.8566221533780615,
        "cosine_spearman": 0.8658196412861339,
        "euclidean_pearson": 0.8629113852818128,
        "euclidean_spearman": 0.8688926819438741,
        "hf_subset": "default",
        "languages": [
          "eng-Latn"
        ],
        "main_score": 0.8658196412861339,
        "manhattan_pearson": 0.8627546295007493,
        "manhattan_spearman": 0.8687115522958154,
        "pearson": [
          0.8566221569886574,
          0.0
        ],
        "spearman": [
          0.865819157353505,
          0.0
        ]
      }
    ]
  },
  "task_name": "STS15"
}