{
  "dataset_revision": "cda12ad7615edc362dbf25a00fdd61d3b1eaf93c",
  "evaluation_time": 5.556541919708252,
  "kg_co2_emissions": null,
  "mteb_version": "1.12.83",
  "scores": {
    "test": [
      {
        "cosine_pearson": 0.3073745619581744,
        "cosine_spearman": 0.30064886171942345,
        "dot_pearson": 0.2997737966340579,
        "dot_spearman": 0.31358385227802005,
        "hf_subset": "default",
        "languages": [
          "eng-Latn"
        ],
        "main_score": 0.30064886171942345,
        "pearson": 0.3073745463066054,
        "spearman": 0.30066797988881333
      }
    ]
  },
  "task_name": "SummEval"
}