{
  "dataset_revision": "d3fb88f8f02e40887cd149695127462bbcf29b4a",
  "evaluation_time": 0.3594059944152832,
  "kg_co2_emissions": null,
  "mteb_version": "1.12.83",
  "scores": {
    "test": [
      {
        "cosine_pearson": 0.8590111723616458,
        "cosine_spearman": 0.8267658263720201,
        "euclidean_pearson": 0.8635718658192765,
        "euclidean_spearman": 0.8346937178577792,
        "hf_subset": "default",
        "languages": [
          "eng-Latn"
        ],
        "main_score": 0.8267658263720201,
        "manhattan_pearson": 0.8638723888323829,
        "manhattan_spearman": 0.835717837578584,
        "pearson": [
          0.8590111754541658,
          2.9823507263031318e-30
        ],
        "spearman": [
          0.8267658263720201,
          3.172153135384328e-26
        ]
      }
    ]
  },
  "task_name": "BIOSSES"
}