{
  "dataset_revision": "20a6d6f312dd54037fe07a32d58e5e168867909d",
  "evaluation_time": 7.556089878082275,
  "kg_co2_emissions": null,
  "mteb_version": "1.12.83",
  "scores": {
    "test": [
      {
        "cosine_pearson": 0.8576482560809615,
        "cosine_spearman": 0.8106898227550139,
        "euclidean_pearson": 0.8239292495648843,
        "euclidean_spearman": 0.8079021229026049,
        "hf_subset": "default",
        "languages": [
          "eng-Latn"
        ],
        "main_score": 0.8106898227550139,
        "manhattan_pearson": 0.8236814821108824,
        "manhattan_spearman": 0.8076065834111557,
        "pearson": [
          0.8576482549616885,
          0.0
        ],
        "spearman": [
          0.8106897325161997,
          0.0
        ]
      }
    ]
  },
  "task_name": "SICK-R"
}