{
  "dataset_revision": "ae752c7c21bf194d8b67fd573edf7ae58183cbe3",
  "evaluation_time": 2.6266837120056152,
  "kg_co2_emissions": null,
  "mteb_version": "1.12.83",
  "scores": {
    "test": [
      {
        "cosine_pearson": 0.8534737092115896,
        "cosine_spearman": 0.8633329943486225,
        "euclidean_pearson": 0.8612694942674965,
        "euclidean_spearman": 0.8673728069072604,
        "hf_subset": "default",
        "languages": [
          "eng-Latn"
        ],
        "main_score": 0.8633329943486225,
        "manhattan_pearson": 0.8611334988687533,
        "manhattan_spearman": 0.8672726104380701,
        "pearson": [
          0.8534736998786628,
          0.0
        ],
        "spearman": [
          0.86333309579519,
          0.0
        ]
      }
    ]
  },
  "task_name": "STS15"
}