{
  "dataset_revision": "7e90230a92c190f1bf69ae9002b8cea547a64cca",
  "evaluation_time": 1.2767720222473145,
  "kg_co2_emissions": null,
  "mteb_version": "1.12.83",
  "scores": {
    "test": [
      {
        "cosine_pearson": 0.812623578406565,
        "cosine_spearman": 0.81949050991227,
        "euclidean_pearson": 0.8359138696620849,
        "euclidean_spearman": 0.840836286066552,
        "hf_subset": "default",
        "languages": [
          "eng-Latn"
        ],
        "main_score": 0.81949050991227,
        "manhattan_pearson": 0.8348196416547925,
        "manhattan_spearman": 0.839967794299346,
        "pearson": [
          0.8126235874629408,
          0.0
        ],
        "spearman": [
          0.81949050991227,
          0.0
        ]
      }
    ]
  },
  "task_name": "STS13"
}