{
  "dataset_revision": "faeb762787bd10488a50c8b5be4a3b82e411949c",
  "evaluation_time": 0.31514930725097656,
  "kg_co2_emissions": null,
  "mteb_version": "1.12.83",
  "scores": {
    "test": [
      {
        "cosine_pearson": 0.8850136618477418,
        "cosine_spearman": 0.880514115751955,
        "euclidean_pearson": 0.8736139579210764,
        "euclidean_spearman": 0.8605293390616219,
        "hf_subset": "en-en",
        "languages": [
          "eng-Latn"
        ],
        "main_score": 0.880514115751955,
        "manhattan_pearson": 0.8741631374669858,
        "manhattan_spearman": 0.8613346498361218,
        "pearson": [
          0.885013653228976,
          2.60605336290746e-84
        ],
        "spearman": [
          0.880514115751955,
          2.2729759095837808e-82
        ]
      }
    ]
  },
  "task_name": "STS17"
}