{
  "dataset_revision": "b0fddb56ed78048fa8b90373c8a3cfc37b684831",
  "evaluation_time": 1.3183326721191406,
  "kg_co2_emissions": null,
  "mteb_version": "1.12.83",
  "scores": {
    "test": [
      {
        "cosine_pearson": 0.8377382280728786,
        "cosine_spearman": 0.8506385769254279,
        "euclidean_pearson": 0.8406184712471922,
        "euclidean_spearman": 0.8431851086247567,
        "hf_subset": "default",
        "languages": [
          "eng-Latn"
        ],
        "main_score": 0.8506385769254279,
        "manhattan_pearson": 0.8404622741689207,
        "manhattan_spearman": 0.8430156504766272,
        "pearson": [
          0.8377382320840988,
          0.0
        ],
        "spearman": [
          0.8506386340210931,
          0.0
        ]
      }
    ]
  },
  "task_name": "STSBenchmark"
}