{
  "dataset_revision": "cda12ad7615edc362dbf25a00fdd61d3b1eaf93c",
  "evaluation_time": 5.562749862670898,
  "kg_co2_emissions": null,
  "mteb_version": "1.12.83",
  "scores": {
    "test": [
      {
        "cosine_pearson": 0.30828406967269006,
        "cosine_spearman": 0.29928285650499653,
        "dot_pearson": 0.29892922850649645,
        "dot_spearman": 0.31086687115149014,
        "hf_subset": "default",
        "languages": [
          "eng-Latn"
        ],
        "main_score": 0.29928285650499653,
        "pearson": 0.3082840986688971,
        "spearman": 0.29930608264358327
      }
    ]
  },
  "task_name": "SummEval"
}