{
  "dataset_revision": "20a6d6f312dd54037fe07a32d58e5e168867909d",
  "evaluation_time": 4.320225954055786,
  "kg_co2_emissions": null,
  "mteb_version": "1.12.83",
  "scores": {
    "test": [
      {
        "cosine_pearson": 0.829085105207465,
        "cosine_spearman": 0.7726197976090677,
        "euclidean_pearson": 0.7991333053681547,
        "euclidean_spearman": 0.7725543972550588,
        "hf_subset": "default",
        "languages": [
          "eng-Latn"
        ],
        "main_score": 0.7726197976090677,
        "manhattan_pearson": 0.7976198686808259,
        "manhattan_spearman": 0.771858450265946,
        "pearson": [
          0.8290851058964711,
          0.0
        ],
        "spearman": [
          0.7726198511584975,
          0.0
        ]
      }
    ]
  },
  "task_name": "SICK-R"
}