{
  "dataset_revision": "7e90230a92c190f1bf69ae9002b8cea547a64cca",
  "evaluation_time": 0.7337298393249512,
  "kg_co2_emissions": null,
  "mteb_version": "1.12.83",
  "scores": {
    "test": [
      {
        "cosine_pearson": 0.7751646237237704,
        "cosine_spearman": 0.7853079609150645,
        "euclidean_pearson": 0.7892753058491299,
        "euclidean_spearman": 0.7897442306857171,
        "hf_subset": "default",
        "languages": [
          "eng-Latn"
        ],
        "main_score": 0.7853079609150645,
        "manhattan_pearson": 0.7859854615186636,
        "manhattan_spearman": 0.7862515332473995,
        "pearson": [
          0.7751646231123739,
          4.475928109511902e-301
        ],
        "spearman": [
          0.7853085082933521,
          3.0300144785e-314
        ]
      }
    ]
  },
  "task_name": "STS13"
}