{
  "dataset_revision": "d3fb88f8f02e40887cd149695127462bbcf29b4a",
  "evaluation_time": 0.8087668418884277,
  "kg_co2_emissions": null,
  "mteb_version": "1.12.83",
  "scores": {
    "test": [
      {
        "cosine_pearson": 0.8993527247282669,
        "cosine_spearman": 0.8732367647619484,
        "euclidean_pearson": 0.8923697108893476,
        "euclidean_spearman": 0.8755199493159779,
        "hf_subset": "default",
        "languages": [
          "eng-Latn"
        ],
        "main_score": 0.8732367647619484,
        "manhattan_pearson": 0.8921034405681969,
        "manhattan_spearman": 0.8780260305151235,
        "pearson": [
          0.899352750183144,
          5.485776040099789e-37
        ],
        "spearman": [
          0.8732367647619484,
          2.325188961013217e-32
        ]
      }
    ]
  },
  "task_name": "BIOSSES"
}