{
  "dataset_revision": "20a6d6f312dd54037fe07a32d58e5e168867909d",
  "evaluation_time": 7.174420118331909,
  "kg_co2_emissions": null,
  "mteb_version": "1.12.83",
  "scores": {
    "test": [
      {
        "cosine_pearson": 0.8483785059227892,
        "cosine_spearman": 0.8007001106839152,
        "euclidean_pearson": 0.8229482258195486,
        "euclidean_spearman": 0.8009560719840695,
        "hf_subset": "default",
        "languages": [
          "eng-Latn"
        ],
        "main_score": 0.8007001106839152,
        "manhattan_pearson": 0.8242753097892597,
        "manhattan_spearman": 0.8016968090425695,
        "pearson": [
          0.8483785046287456,
          0.0
        ],
        "spearman": [
          0.8007003948454301,
          0.0
        ]
      }
    ]
  },
  "task_name": "SICK-R"
}