{
  "dataset_revision": "d66bd1f72af766a5cc4b0ca5e00c162f89e8cc46",
  "evaluation_time": 30.532926082611084,
  "kg_co2_emissions": null,
  "mteb_version": "1.12.83",
  "scores": {
    "test": [
      {
        "cosine_accuracy": 0.9968712871287129,
        "cosine_accuracy_threshold": 0.7836122512817383,
        "cosine_ap": 0.9082446641379163,
        "cosine_f1": 0.8375125376128385,
        "cosine_f1_threshold": 0.7624062299728394,
        "cosine_precision": 0.8400402414486922,
        "cosine_recall": 0.835,
        "dot_accuracy": 0.9956534653465346,
        "dot_accuracy_threshold": 460.2012939453125,
        "dot_ap": 0.8368464339325593,
        "dot_f1": 0.7707070707070707,
        "dot_f1_threshold": 449.5093078613281,
        "dot_precision": 0.7785714285714286,
        "dot_recall": 0.763,
        "euclidean_accuracy": 0.996970297029703,
        "euclidean_accuracy_threshold": 16.392688751220703,
        "euclidean_ap": 0.9167061400977616,
        "euclidean_f1": 0.8441176470588235,
        "euclidean_f1_threshold": 17.07979393005371,
        "euclidean_precision": 0.8278846153846153,
        "euclidean_recall": 0.861,
        "hf_subset": "default",
        "languages": [
          "eng-Latn"
        ],
        "main_score": 0.9167061400977616,
        "manhattan_accuracy": 0.9969009900990099,
        "manhattan_accuracy_threshold": 354.6890869140625,
        "manhattan_ap": 0.9146743308182438,
        "manhattan_f1": 0.8417442430181283,
        "manhattan_f1_threshold": 378.09197998046875,
        "manhattan_precision": 0.8251681075888568,
        "manhattan_recall": 0.859,
        "max_ap": 0.9167061400977616,
        "max_f1": 0.8441176470588235,
        "max_precision": 0.8400402414486922,
        "max_recall": 0.861,
        "similarity_accuracy": 0.9968712871287129,
        "similarity_accuracy_threshold": 0.7836121320724487,
        "similarity_ap": 0.9082446641379163,
        "similarity_f1": 0.8375125376128385,
        "similarity_f1_threshold": 0.7624062299728394,
        "similarity_precision": 0.8400402414486922,
        "similarity_recall": 0.835
      }
    ]
  },
  "task_name": "SprintDuplicateQuestions"
}