{
  "dataset_revision": "6031580fec1f6af667f0bd2da0a551cf4f0b2375",
  "evaluation_time": 3.175633430480957,
  "kg_co2_emissions": null,
  "mteb_version": "1.12.83",
  "scores": {
    "test": [
      {
        "cosine_pearson": 0.8010727674577443,
        "cosine_spearman": 0.7651977816723483,
        "euclidean_pearson": 0.7960375069251947,
        "euclidean_spearman": 0.7795335710417853,
        "hf_subset": "default",
        "languages": [
          "eng-Latn"
        ],
        "main_score": 0.7651977816723483,
        "manhattan_pearson": 0.7954844953816271,
        "manhattan_spearman": 0.7787848294708235,
        "pearson": [
          0.8010727729031204,
          0.0
        ],
        "spearman": [
          0.7651979160169531,
          0.0
        ]
      }
    ]
  },
  "task_name": "STS14"
}