{
  "dataset_revision": "4d8694f8f0e0100860b497b999b3dbed754a0513",
  "evaluation_time": 1.16642427444458,
  "kg_co2_emissions": null,
  "mteb_version": "1.12.83",
  "scores": {
    "test": [
      {
        "cosine_pearson": 0.8095778158288254,
        "cosine_spearman": 0.8363458145615217,
        "euclidean_pearson": 0.8382113071893684,
        "euclidean_spearman": 0.8410421448102227,
        "hf_subset": "default",
        "languages": [
          "eng-Latn"
        ],
        "main_score": 0.8363458145615217,
        "manhattan_pearson": 0.8377197141122058,
        "manhattan_spearman": 0.8404942784370517,
        "pearson": [
          0.8095778265450875,
          3.4295224235149607e-276
        ],
        "spearman": [
          0.8363458100494642,
          2.2311818856173e-311
        ]
      }
    ]
  },
  "task_name": "STS16"
}