{
  "dataset_revision": "20a6d6f312dd54037fe07a32d58e5e168867909d",
  "evaluation_time": 7.251528978347778,
  "kg_co2_emissions": null,
  "mteb_version": "1.12.83",
  "scores": {
    "test": [
      {
        "cosine_pearson": 0.8573021915763384,
        "cosine_spearman": 0.802297467651532,
        "euclidean_pearson": 0.828523392067419,
        "euclidean_spearman": 0.8002192506120333,
        "hf_subset": "default",
        "languages": [
          "eng-Latn"
        ],
        "main_score": 0.802297467651532,
        "manhattan_pearson": 0.8284350787057546,
        "manhattan_spearman": 0.8001741902789761,
        "pearson": [
          0.857302192621542,
          0.0
        ],
        "spearman": [
          0.8022972974317579,
          0.0
        ]
      }
    ]
  },
  "task_name": "SICK-R"
}