{
  "dataset_revision": "ae752c7c21bf194d8b67fd573edf7ae58183cbe3",
  "evaluation_time": 2.5729103088378906,
  "kg_co2_emissions": null,
  "mteb_version": "1.12.83",
  "scores": {
    "test": [
      {
        "cosine_pearson": 0.8732727124781632,
        "cosine_spearman": 0.8798529225043363,
        "euclidean_pearson": 0.8811213268556262,
        "euclidean_spearman": 0.8871993878657908,
        "hf_subset": "default",
        "languages": [
          "eng-Latn"
        ],
        "main_score": 0.8798529225043363,
        "manhattan_pearson": 0.8808367451152798,
        "manhattan_spearman": 0.886990411690912,
        "pearson": [
          0.8732727120774575,
          0.0
        ],
        "spearman": [
          0.8798528891956415,
          0.0
        ]
      }
    ]
  },
  "task_name": "STS15"
}