{
  "dataset_revision": "a0d554a64d88156834ff5ae9920b964011b16384",
  "evaluation_time": 3.009660005569458,
  "kg_co2_emissions": null,
  "mteb_version": "1.12.83",
  "scores": {
    "test": [
      {
        "cosine_pearson": 0.8468033801655049,
        "cosine_spearman": 0.7537516779444922,
        "euclidean_pearson": 0.8246069430989896,
        "euclidean_spearman": 0.7638301860214768,
        "hf_subset": "default",
        "languages": [
          "eng-Latn"
        ],
        "main_score": 0.7537516779444922,
        "manhattan_pearson": 0.8244328914451277,
        "manhattan_spearman": 0.7642370934050734,
        "pearson": [
          0.8468033773422536,
          0.0
        ],
        "spearman": [
          0.7537322526575495,
          0.0
        ]
      }
    ]
  },
  "task_name": "STS12"
}