{
  "dataset_revision": "b0fddb56ed78048fa8b90373c8a3cfc37b684831",
  "evaluation_time": 1.329190969467163,
  "kg_co2_emissions": null,
  "mteb_version": "1.12.83",
  "scores": {
    "test": [
      {
        "cosine_pearson": 0.8615312427118972,
        "cosine_spearman": 0.8636020310680237,
        "euclidean_pearson": 0.8681578392418445,
        "euclidean_spearman": 0.8665961472131302,
        "hf_subset": "default",
        "languages": [
          "eng-Latn"
        ],
        "main_score": 0.8636020310680237,
        "manhattan_pearson": 0.8678277235886893,
        "manhattan_spearman": 0.8658083061788869,
        "pearson": [
          0.8615312382249315,
          0.0
        ],
        "spearman": [
          0.8636020320559906,
          0.0
        ]
      }
    ]
  },
  "task_name": "STSBenchmark"
}