{
  "dataset_revision": "faeb762787bd10488a50c8b5be4a3b82e411949c",
  "evaluation_time": 0.27933740615844727,
  "kg_co2_emissions": null,
  "mteb_version": "1.12.83",
  "scores": {
    "test": [
      {
        "cosine_pearson": 0.8743140220679245,
        "cosine_spearman": 0.8779909367907056,
        "euclidean_pearson": 0.8840922757809643,
        "euclidean_spearman": 0.8766989799825462,
        "hf_subset": "en-en",
        "languages": [
          "eng-Latn"
        ],
        "main_score": 0.8779909367907056,
        "manhattan_pearson": 0.8851990561172429,
        "manhattan_spearman": 0.8781777535145276,
        "pearson": [
          0.8743140311639417,
          8.055458955691224e-80
        ],
        "spearman": [
          0.8779909367907056,
          2.575633359779859e-81
        ]
      }
    ]
  },
  "task_name": "STS17"
}