{
  "dataset_revision": "b0fddb56ed78048fa8b90373c8a3cfc37b684831",
  "evaluation_time": 0.9790854454040527,
  "kg_co2_emissions": null,
  "mteb_version": "1.12.83",
  "scores": {
    "test": [
      {
        "cosine_pearson": 0.829703428331892,
        "cosine_spearman": 0.8282022383884,
        "euclidean_pearson": 0.8416869493181526,
        "euclidean_spearman": 0.8306085950940241,
        "hf_subset": "default",
        "languages": [
          "eng-Latn"
        ],
        "main_score": 0.8282022383884,
        "manhattan_pearson": 0.8414700213619843,
        "manhattan_spearman": 0.8305577436966258,
        "pearson": [
          0.8297034348493555,
          0.0
        ],
        "spearman": [
          0.8282021813184021,
          0.0
        ]
      }
    ]
  },
  "task_name": "STSBenchmark"
}