{
  "dataset_revision": "cda12ad7615edc362dbf25a00fdd61d3b1eaf93c",
  "evaluation_time": 3.315293550491333,
  "kg_co2_emissions": null,
  "mteb_version": "1.12.83",
  "scores": {
    "test": [
      {
        "cosine_pearson": 0.30816113118483474,
        "cosine_spearman": 0.29855537845990426,
        "dot_pearson": 0.3063545313044374,
        "dot_spearman": 0.2978215212864555,
        "hf_subset": "default",
        "languages": [
          "eng-Latn"
        ],
        "main_score": 0.29855537845990426,
        "pearson": 0.30816107103367163,
        "spearman": 0.29855556748251366
      }
    ]
  },
  "task_name": "SummEval"
}