{
  "dataset_revision": "d3fb88f8f02e40887cd149695127462bbcf29b4a",
  "evaluation_time": 0.3325474262237549,
  "kg_co2_emissions": null,
  "mteb_version": "1.12.83",
  "scores": {
    "test": [
      {
        "cosine_pearson": 0.8838844478803661,
        "cosine_spearman": 0.8524350859623085,
        "euclidean_pearson": 0.8793759353191964,
        "euclidean_spearman": 0.8640196872747057,
        "hf_subset": "default",
        "languages": [
          "eng-Latn"
        ],
        "main_score": 0.8524350859623085,
        "manhattan_pearson": 0.8811845971235192,
        "manhattan_spearman": 0.8663028718287351,
        "pearson": [
          0.8838844524595866,
          4.120055130694133e-34
        ],
        "spearman": [
          0.8524350859623085,
          2.3578603268843443e-29
        ]
      }
    ]
  },
  "task_name": "BIOSSES"
}