{
  "dataset_revision": "a0d554a64d88156834ff5ae9920b964011b16384",
  "evaluation_time": 3.0226621627807617,
  "kg_co2_emissions": null,
  "mteb_version": "1.12.83",
  "scores": {
    "test": [
      {
        "cosine_pearson": 0.845327941637659,
        "cosine_spearman": 0.7521070206250478,
        "euclidean_pearson": 0.8225641943490953,
        "euclidean_spearman": 0.7622908239706658,
        "hf_subset": "default",
        "languages": [
          "eng-Latn"
        ],
        "main_score": 0.7521070206250478,
        "manhattan_pearson": 0.8224293494252495,
        "manhattan_spearman": 0.7626811431746432,
        "pearson": [
          0.8453279368976017,
          0.0
        ],
        "spearman": [
          0.7521062543276612,
          0.0
        ]
      }
    ]
  },
  "task_name": "STS12"
}