{
  "dataset_revision": "faeb762787bd10488a50c8b5be4a3b82e411949c",
  "evaluation_time": 0.27356672286987305,
  "kg_co2_emissions": null,
  "mteb_version": "1.12.83",
  "scores": {
    "test": [
      {
        "cosine_pearson": 0.8997344030720072,
        "cosine_spearman": 0.8991119896860132,
        "euclidean_pearson": 0.893904070271038,
        "euclidean_spearman": 0.8917173532330042,
        "hf_subset": "en-en",
        "languages": [
          "eng-Latn"
        ],
        "main_score": 0.8991119896860132,
        "manhattan_pearson": 0.8924532659754723,
        "manhattan_spearman": 0.890109806856413,
        "pearson": [
          0.8997344054091784,
          2.8217087764435985e-91
        ],
        "spearman": [
          0.8991119896860132,
          5.840208187954505e-91
        ]
      }
    ]
  },
  "task_name": "STS17"
}