{
  "dataset_revision": "ae752c7c21bf194d8b67fd573edf7ae58183cbe3",
  "evaluation_time": 2.6232950687408447,
  "kg_co2_emissions": null,
  "mteb_version": "1.12.83",
  "scores": {
    "test": [
      {
        "cosine_pearson": 0.8754340756430805,
        "cosine_spearman": 0.8827655670238136,
        "euclidean_pearson": 0.8827197277076746,
        "euclidean_spearman": 0.8885218582633565,
        "hf_subset": "default",
        "languages": [
          "eng-Latn"
        ],
        "main_score": 0.8827655670238136,
        "manhattan_pearson": 0.8827039569863985,
        "manhattan_spearman": 0.8885712678520438,
        "pearson": [
          0.8754340758111264,
          0.0
        ],
        "spearman": [
          0.8827655811904762,
          0.0
        ]
      }
    ]
  },
  "task_name": "STS15"
}