{
  "dataset_revision": "6031580fec1f6af667f0bd2da0a551cf4f0b2375",
  "evaluation_time": 3.199906349182129,
  "kg_co2_emissions": null,
  "mteb_version": "1.12.83",
  "scores": {
    "test": [
      {
        "cosine_pearson": 0.8387377305991133,
        "cosine_spearman": 0.8038169868913583,
        "euclidean_pearson": 0.8398223784295495,
        "euclidean_spearman": 0.8176405402225934,
        "hf_subset": "default",
        "languages": [
          "eng-Latn"
        ],
        "main_score": 0.8038169868913583,
        "manhattan_pearson": 0.8394814965513123,
        "manhattan_spearman": 0.8173788456185092,
        "pearson": [
          0.8387377303042411,
          0.0
        ],
        "spearman": [
          0.8038170371368841,
          0.0
        ]
      }
    ]
  },
  "task_name": "STS14"
}