{
  "dataset_revision": "de9d86b3b84231dc21f76c7b7af1f28e2f57f6e3",
  "evaluation_time": 3.0885212421417236,
  "kg_co2_emissions": null,
  "mteb_version": "1.12.83",
  "scores": {
    "test": [
      {
        "cosine_pearson": 0.6451010072240934,
        "cosine_spearman": 0.6616313059377003,
        "euclidean_pearson": 0.6630449059214643,
        "euclidean_spearman": 0.6561637628990268,
        "hf_subset": "en",
        "languages": [
          "eng-Latn"
        ],
        "main_score": 0.6616313059377003,
        "manhattan_pearson": 0.6634075112142811,
        "manhattan_spearman": 0.6562671237156258,
        "pearson": [
          0.6451010273829801,
          1.4377596118979667e-24
        ],
        "spearman": [
          0.6616313059377003,
          3.553323053376693e-26
        ]
      }
    ]
  },
  "task_name": "STS22"
}