{
  "dataset_revision": "faeb762787bd10488a50c8b5be4a3b82e411949c",
  "evaluation_time": 0.2184901237487793,
  "kg_co2_emissions": null,
  "mteb_version": "1.12.83",
  "scores": {
    "test": [
      {
        "cosine_pearson": 0.8700889190069171,
        "cosine_spearman": 0.8705390252515868,
        "euclidean_pearson": 0.8618147284614626,
        "euclidean_spearman": 0.8503351425271417,
        "hf_subset": "en-en",
        "languages": [
          "eng-Latn"
        ],
        "main_score": 0.8705390252515868,
        "manhattan_pearson": 0.8605415987173188,
        "manhattan_spearman": 0.8508029531297987,
        "pearson": [
          0.8700889284765754,
          3.6914895304102736e-78
        ],
        "spearman": [
          0.8705390252515868,
          2.4719229261314435e-78
        ]
      }
    ]
  },
  "task_name": "STS17"
}