{
  "dataset_revision": "ae752c7c21bf194d8b67fd573edf7ae58183cbe3",
  "evaluation_time": 1.2244317531585693,
  "kg_co2_emissions": null,
  "mteb_version": "1.12.83",
  "scores": {
    "test": [
      {
        "cosine_pearson": 0.8361001460076544,
        "cosine_spearman": 0.8498157152641606,
        "euclidean_pearson": 0.8432869189314759,
        "euclidean_spearman": 0.8502444613032585,
        "hf_subset": "default",
        "languages": [
          "eng-Latn"
        ],
        "main_score": 0.8498157152641606,
        "manhattan_pearson": 0.8418420802622288,
        "manhattan_spearman": 0.8486485701853157,
        "pearson": [
          0.8361001468021491,
          0.0
        ],
        "spearman": [
          0.8498157124693463,
          0.0
        ]
      }
    ]
  },
  "task_name": "STS15"
}