{
  "dataset_revision": "7e90230a92c190f1bf69ae9002b8cea547a64cca",
  "evaluation_time": 0.6520941257476807,
  "kg_co2_emissions": null,
  "mteb_version": "1.12.83",
  "scores": {
    "test": [
      {
        "cosine_pearson": 0.7925478201909166,
        "cosine_spearman": 0.8025310730501767,
        "euclidean_pearson": 0.8123437481750657,
        "euclidean_spearman": 0.8178557245342681,
        "hf_subset": "default",
        "languages": [
          "eng-Latn"
        ],
        "main_score": 0.8025310730501767,
        "manhattan_pearson": 0.810557897041732,
        "manhattan_spearman": 0.8154000008760116,
        "pearson": [
          0.7925478197640523,
          0.0
        ],
        "spearman": [
          0.8025302032427614,
          0.0
        ]
      }
    ]
  },
  "task_name": "STS13"
}