{
  "dataset_revision": "a0d554a64d88156834ff5ae9920b964011b16384",
  "evaluation_time": 1.2704436779022217,
  "kg_co2_emissions": null,
  "mteb_version": "1.12.83",
  "scores": {
    "test": [
      {
        "cosine_pearson": 0.8218102149917258,
        "cosine_spearman": 0.7221833793693239,
        "euclidean_pearson": 0.8187275307199636,
        "euclidean_spearman": 0.7507673613751621,
        "hf_subset": "default",
        "languages": [
          "eng-Latn"
        ],
        "main_score": 0.7221833793693239,
        "manhattan_pearson": 0.8184018492051169,
        "manhattan_spearman": 0.7510339967496454,
        "pearson": [
          0.8218102136088921,
          0.0
        ],
        "spearman": [
          0.7221722613769069,
          0.0
        ]
      }
    ]
  },
  "task_name": "STS12"
}