{
  "dataset_revision": "b0fddb56ed78048fa8b90373c8a3cfc37b684831",
  "evaluation_time": 0.6680886745452881,
  "kg_co2_emissions": null,
  "mteb_version": "1.12.83",
  "scores": {
    "test": [
      {
        "cosine_pearson": 0.8132039523141192,
        "cosine_spearman": 0.8290438831508912,
        "euclidean_pearson": 0.8193625277300605,
        "euclidean_spearman": 0.8180501440642304,
        "hf_subset": "default",
        "languages": [
          "eng-Latn"
        ],
        "main_score": 0.8290438831508912,
        "manhattan_pearson": 0.8192899643826369,
        "manhattan_spearman": 0.8180274270389967,
        "pearson": [
          0.8132039506756115,
          0.0
        ],
        "spearman": [
          0.8290438831508912,
          0.0
        ]
      }
    ]
  },
  "task_name": "STSBenchmark"
}