{
  "dataset_revision": "cda12ad7615edc362dbf25a00fdd61d3b1eaf93c",
  "evaluation_time": 2.7284891605377197,
  "kg_co2_emissions": null,
  "mteb_version": "1.12.83",
  "scores": {
    "test": [
      {
        "cosine_pearson": 0.3098648498429798,
        "cosine_spearman": 0.3010560571789165,
        "dot_pearson": 0.29310227469461864,
        "dot_spearman": 0.29918276365858143,
        "hf_subset": "default",
        "languages": [
          "eng-Latn"
        ],
        "main_score": 0.3010560571789165,
        "pearson": 0.3098648135056953,
        "spearman": 0.30101929784775366
      }
    ]
  },
  "task_name": "SummEval"
}