{
  "dataset_revision": "d3fb88f8f02e40887cd149695127462bbcf29b4a",
  "evaluation_time": 0.19977331161499023,
  "kg_co2_emissions": null,
  "mteb_version": "1.12.83",
  "scores": {
    "test": [
      {
        "cosine_pearson": 0.8164688079534768,
        "cosine_spearman": 0.7804575422906902,
        "euclidean_pearson": 0.8082698408941718,
        "euclidean_spearman": 0.7890240025435394,
        "hf_subset": "default",
        "languages": [
          "eng-Latn"
        ],
        "main_score": 0.7804575422906902,
        "manhattan_pearson": 0.7997443982457313,
        "manhattan_spearman": 0.7792888409622425,
        "pearson": [
          0.8164687766821666,
          4.121833948370643e-25
        ],
        "spearman": [
          0.7804575422906902,
          1.0485334549856492e-21
        ]
      }
    ]
  },
  "task_name": "BIOSSES"
}