{
  "dataset_revision": "ae752c7c21bf194d8b67fd573edf7ae58183cbe3",
  "evaluation_time": 1.893331527709961,
  "kg_co2_emissions": null,
  "mteb_version": "1.12.83",
  "scores": {
    "test": [
      {
        "cosine_pearson": 0.8477203608430847,
        "cosine_spearman": 0.8560511027862152,
        "euclidean_pearson": 0.8528208087299926,
        "euclidean_spearman": 0.8579365484494551,
        "hf_subset": "default",
        "languages": [
          "eng-Latn"
        ],
        "main_score": 0.8560511027862152,
        "manhattan_pearson": 0.8518075913143327,
        "manhattan_spearman": 0.8569617696831182,
        "pearson": [
          0.8477203664488953,
          0.0
        ],
        "spearman": [
          0.8560511205966366,
          0.0
        ]
      }
    ]
  },
  "task_name": "STS15"
}