{
  "dataset_revision": "4d8694f8f0e0100860b497b999b3dbed754a0513",
  "evaluation_time": 0.8798043727874756,
  "kg_co2_emissions": null,
  "mteb_version": "1.12.83",
  "scores": {
    "test": [
      {
        "cosine_pearson": 0.814483907814866,
        "cosine_spearman": 0.8305713052817433,
        "euclidean_pearson": 0.8287924992007237,
        "euclidean_spearman": 0.8318354825570928,
        "hf_subset": "default",
        "languages": [
          "eng-Latn"
        ],
        "main_score": 0.8305713052817433,
        "manhattan_pearson": 0.8295696612277865,
        "manhattan_spearman": 0.8325526750509917,
        "pearson": [
          0.8144839049652741,
          3.294999224951058e-282
        ],
        "spearman": [
          0.8305713008008392,
          2.865613516028727e-303
        ]
      }
    ]
  },
  "task_name": "STS16"
}