{
  "dataset_revision": "cda12ad7615edc362dbf25a00fdd61d3b1eaf93c",
  "evaluation_time": 3.202272653579712,
  "kg_co2_emissions": null,
  "mteb_version": "1.12.83",
  "scores": {
    "test": [
      {
        "cosine_pearson": 0.3087091348310909,
        "cosine_spearman": 0.30464785765265373,
        "dot_pearson": 0.3053967673847161,
        "dot_spearman": 0.29874006418855836,
        "hf_subset": "default",
        "languages": [
          "eng-Latn"
        ],
        "main_score": 0.30464785765265373,
        "pearson": 0.3087091690602235,
        "spearman": 0.3046477385850984
      }
    ]
  },
  "task_name": "SummEval"
}