{
  "dataset_revision": "d3fb88f8f02e40887cd149695127462bbcf29b4a",
  "evaluation_time": 0.16716289520263672,
  "kg_co2_emissions": null,
  "mteb_version": "1.12.83",
  "scores": {
    "test": [
      {
        "cosine_pearson": 0.8344012190801058,
        "cosine_spearman": 0.7992471270506314,
        "euclidean_pearson": 0.8346805436755829,
        "euclidean_spearman": 0.8108076314284215,
        "hf_subset": "default",
        "languages": [
          "eng-Latn"
        ],
        "main_score": 0.7992471270506314,
        "manhattan_pearson": 0.8304440570207344,
        "manhattan_spearman": 0.80858468921091,
        "pearson": [
          0.834401230038842,
          4.23632851249416e-27
        ],
        "spearman": [
          0.7992471270506314,
          2.137923481470842e-23
        ]
      }
    ]
  },
  "task_name": "BIOSSES"
}