{
  "dataset_revision": "20a6d6f312dd54037fe07a32d58e5e168867909d",
  "evaluation_time": 4.180481910705566,
  "kg_co2_emissions": null,
  "mteb_version": "1.12.83",
  "scores": {
    "test": [
      {
        "cosine_pearson": 0.8489600875515099,
        "cosine_spearman": 0.7859540666839527,
        "euclidean_pearson": 0.8227933685365553,
        "euclidean_spearman": 0.7857150024162372,
        "hf_subset": "default",
        "languages": [
          "eng-Latn"
        ],
        "main_score": 0.7859540666839527,
        "manhattan_pearson": 0.8214273542136126,
        "manhattan_spearman": 0.7852594229273062,
        "pearson": [
          0.8489600836588338,
          0.0
        ],
        "spearman": [
          0.7859542039938379,
          0.0
        ]
      }
    ]
  },
  "task_name": "SICK-R"
}