{
  "dataset_revision": "7e90230a92c190f1bf69ae9002b8cea547a64cca",
  "evaluation_time": 0.6544950008392334,
  "kg_co2_emissions": null,
  "mteb_version": "1.12.83",
  "scores": {
    "test": [
      {
        "cosine_pearson": 0.7959895872694577,
        "cosine_spearman": 0.8057940786330275,
        "euclidean_pearson": 0.8148560269835915,
        "euclidean_spearman": 0.8159390766630076,
        "hf_subset": "default",
        "languages": [
          "eng-Latn"
        ],
        "main_score": 0.8057940786330275,
        "manhattan_pearson": 0.81326993346916,
        "manhattan_spearman": 0.8138490355885573,
        "pearson": [
          0.7959895782777155,
          0.0
        ],
        "spearman": [
          0.8057946267093669,
          0.0
        ]
      }
    ]
  },
  "task_name": "STS13"
}