{
  "dataset_revision": "4d8694f8f0e0100860b497b999b3dbed754a0513",
  "evaluation_time": 0.5700197219848633,
  "kg_co2_emissions": null,
  "mteb_version": "1.12.83",
  "scores": {
    "test": [
      {
        "cosine_pearson": 0.8079274285036857,
        "cosine_spearman": 0.8281111216446191,
        "euclidean_pearson": 0.8296596886336768,
        "euclidean_spearman": 0.8336188958499378,
        "hf_subset": "default",
        "languages": [
          "eng-Latn"
        ],
        "main_score": 0.8281111216446191,
        "manhattan_pearson": 0.8305428075757538,
        "manhattan_spearman": 0.8347102249715412,
        "pearson": [
          0.8079274269704748,
          3.313166776265632e-274
        ],
        "spearman": [
          0.828111114198566,
          6.593931889987625e-300
        ]
      }
    ]
  },
  "task_name": "STS16"
}