{
  "dataset_revision": "ae752c7c21bf194d8b67fd573edf7ae58183cbe3",
  "evaluation_time": 1.2317769527435303,
  "kg_co2_emissions": null,
  "mteb_version": "1.12.83",
  "scores": {
    "test": [
      {
        "cosine_pearson": 0.852383802380946,
        "cosine_spearman": 0.8616331967971564,
        "euclidean_pearson": 0.8629128008174035,
        "euclidean_spearman": 0.8668513886582438,
        "hf_subset": "default",
        "languages": [
          "eng-Latn"
        ],
        "main_score": 0.8616331967971564,
        "manhattan_pearson": 0.8626201990722305,
        "manhattan_spearman": 0.8664867547078574,
        "pearson": [
          0.8523837977066859,
          0.0
        ],
        "spearman": [
          0.8616331192027971,
          0.0
        ]
      }
    ]
  },
  "task_name": "STS15"
}