{
  "dataset_revision": "b0fddb56ed78048fa8b90373c8a3cfc37b684831",
  "evaluation_time": 0.6492104530334473,
  "kg_co2_emissions": null,
  "mteb_version": "1.12.83",
  "scores": {
    "test": [
      {
        "cosine_pearson": 0.840130981123723,
        "cosine_spearman": 0.8402062677776027,
        "euclidean_pearson": 0.8514611630900667,
        "euclidean_spearman": 0.8436035879793539,
        "hf_subset": "default",
        "languages": [
          "eng-Latn"
        ],
        "main_score": 0.8402062677776027,
        "manhattan_pearson": 0.851683367309413,
        "manhattan_spearman": 0.8438514319390148,
        "pearson": [
          0.840130968138009,
          0.0
        ],
        "spearman": [
          0.8402066083171604,
          0.0
        ]
      }
    ]
  },
  "task_name": "STSBenchmark"
}