{
  "dataset_revision": "d3fb88f8f02e40887cd149695127462bbcf29b4a",
  "evaluation_time": 0.23149800300598145,
  "kg_co2_emissions": null,
  "mteb_version": "1.12.83",
  "scores": {
    "test": [
      {
        "cosine_pearson": 0.8492313222736254,
        "cosine_spearman": 0.81607883587374,
        "euclidean_pearson": 0.8335927711674443,
        "euclidean_spearman": 0.818813837951654,
        "hf_subset": "default",
        "languages": [
          "eng-Latn"
        ],
        "main_score": 0.81607883587374,
        "manhattan_pearson": 0.8309062218016727,
        "manhattan_spearman": 0.8189282983910379,
        "pearson": [
          0.8492313241901608,
          6.227955461901013e-29
        ],
        "spearman": [
          0.81607883587374,
          4.527815932945631e-25
        ]
      }
    ]
  },
  "task_name": "BIOSSES"
}