{
  "dataset_revision": "20a6d6f312dd54037fe07a32d58e5e168867909d",
  "evaluation_time": 6.1103293895721436,
  "kg_co2_emissions": null,
  "mteb_version": "1.12.83",
  "scores": {
    "test": [
      {
        "cosine_pearson": 0.8493097713929753,
        "cosine_spearman": 0.7961551647061793,
        "euclidean_pearson": 0.8232176008603082,
        "euclidean_spearman": 0.7965800891517621,
        "hf_subset": "default",
        "languages": [
          "eng-Latn"
        ],
        "main_score": 0.7961551647061793,
        "manhattan_pearson": 0.8227446462534318,
        "manhattan_spearman": 0.7965718033920846,
        "pearson": [
          0.8493097688124289,
          0.0
        ],
        "spearman": [
          0.7961551291470939,
          0.0
        ]
      }
    ]
  },
  "task_name": "SICK-R"
}