{
  "dataset_revision": "d66bd1f72af766a5cc4b0ca5e00c162f89e8cc46",
  "evaluation_time": 20.908144235610962,
  "kg_co2_emissions": null,
  "mteb_version": "1.12.83",
  "scores": {
    "test": [
      {
        "cosine_accuracy": 0.9974851485148515,
        "cosine_accuracy_threshold": 0.741479754447937,
        "cosine_ap": 0.9270921659323672,
        "cosine_f1": 0.8738828202581927,
        "cosine_f1_threshold": 0.7389383316040039,
        "cosine_precision": 0.8678500986193294,
        "cosine_recall": 0.88,
        "dot_accuracy": 0.9971386138613861,
        "dot_accuracy_threshold": 99.38551330566406,
        "dot_ap": 0.9126108946629926,
        "dot_f1": 0.853359489946052,
        "dot_f1_threshold": 96.59031677246094,
        "dot_precision": 0.8373435996150145,
        "dot_recall": 0.87,
        "euclidean_accuracy": 0.9975445544554455,
        "euclidean_accuracy_threshold": 8.195680618286133,
        "euclidean_ap": 0.9305345294289873,
        "euclidean_f1": 0.8753768844221106,
        "euclidean_f1_threshold": 8.195680618286133,
        "euclidean_precision": 0.8797979797979798,
        "euclidean_recall": 0.871,
        "hf_subset": "default",
        "languages": [
          "eng-Latn"
        ],
        "main_score": 0.9305345294289873,
        "manhattan_accuracy": 0.9975445544554455,
        "manhattan_accuracy_threshold": 127.00787353515625,
        "manhattan_ap": 0.9303584802463145,
        "manhattan_f1": 0.8746208291203236,
        "manhattan_f1_threshold": 127.03030395507812,
        "manhattan_precision": 0.8844580777096115,
        "manhattan_recall": 0.865,
        "max_ap": 0.9305345294289873,
        "max_f1": 0.8753768844221106,
        "max_precision": 0.8844580777096115,
        "max_recall": 0.88,
        "similarity_accuracy": 0.9974851485148515,
        "similarity_accuracy_threshold": 0.7414796948432922,
        "similarity_ap": 0.9270931149296722,
        "similarity_f1": 0.8738828202581927,
        "similarity_f1_threshold": 0.7389382719993591,
        "similarity_precision": 0.8678500986193294,
        "similarity_recall": 0.88
      }
    ]
  },
  "task_name": "SprintDuplicateQuestions"
}