{
  "dataset_revision": "ae752c7c21bf194d8b67fd573edf7ae58183cbe3",
  "evaluation_time": 2.0518009662628174,
  "kg_co2_emissions": null,
  "mteb_version": "1.12.83",
  "scores": {
    "test": [
      {
        "cosine_pearson": 0.8524775466431317,
        "cosine_spearman": 0.8609388194472536,
        "euclidean_pearson": 0.8579555498675623,
        "euclidean_spearman": 0.8638292727796578,
        "hf_subset": "default",
        "languages": [
          "eng-Latn"
        ],
        "main_score": 0.8609388194472536,
        "manhattan_pearson": 0.8572769526088083,
        "manhattan_spearman": 0.8631158188140057,
        "pearson": [
          0.8524775459046183,
          0.0
        ],
        "spearman": [
          0.8609387923856382,
          0.0
        ]
      }
    ]
  },
  "task_name": "STS15"
}