{
  "dataset_revision": "faeb762787bd10488a50c8b5be4a3b82e411949c",
  "evaluation_time": 0.24964570999145508,
  "kg_co2_emissions": null,
  "mteb_version": "1.12.83",
  "scores": {
    "test": [
      {
        "cosine_pearson": 0.8906706903673732,
        "cosine_spearman": 0.8920898334909947,
        "euclidean_pearson": 0.8976129267768468,
        "euclidean_spearman": 0.8911484463374147,
        "hf_subset": "en-en",
        "languages": [
          "eng-Latn"
        ],
        "main_score": 0.8920898334909947,
        "manhattan_pearson": 0.8983113780661386,
        "manhattan_spearman": 0.8921863170253141,
        "pearson": [
          0.8906706896903559,
          7.208049738023066e-87
        ],
        "spearman": [
          0.8920898334909947,
          1.5629083657959836e-87
        ]
      }
    ]
  },
  "task_name": "STS17"
}