{
  "dataset_revision": "cda12ad7615edc362dbf25a00fdd61d3b1eaf93c",
  "evaluation_time": 3.5809638500213623,
  "kg_co2_emissions": null,
  "mteb_version": "1.12.83",
  "scores": {
    "test": [
      {
        "cosine_pearson": 0.305245366446069,
        "cosine_spearman": 0.3097692602610469,
        "dot_pearson": 0.30201488518009495,
        "dot_spearman": 0.3026939225691481,
        "hf_subset": "default",
        "languages": [
          "eng-Latn"
        ],
        "main_score": 0.3097692602610469,
        "pearson": 0.3052453671609587,
        "spearman": 0.30975965125599797
      }
    ]
  },
  "task_name": "SummEval"
}