{
  "dataset_revision": "20a6d6f312dd54037fe07a32d58e5e168867909d",
  "evaluation_time": 7.206625938415527,
  "kg_co2_emissions": null,
  "mteb_version": "1.12.83",
  "scores": {
    "test": [
      {
        "cosine_pearson": 0.8608922761291764,
        "cosine_spearman": 0.8067908678172857,
        "euclidean_pearson": 0.8345174826039826,
        "euclidean_spearman": 0.8062518370444787,
        "hf_subset": "default",
        "languages": [
          "eng-Latn"
        ],
        "main_score": 0.8067908678172857,
        "manhattan_pearson": 0.8346920603228671,
        "manhattan_spearman": 0.806148547644744,
        "pearson": [
          0.860892273712893,
          0.0
        ],
        "spearman": [
          0.8067906734856438,
          0.0
        ]
      }
    ]
  },
  "task_name": "SICK-R"
}