{
  "dataset_revision": "6031580fec1f6af667f0bd2da0a551cf4f0b2375",
  "evaluation_time": 3.1594300270080566,
  "kg_co2_emissions": null,
  "mteb_version": "1.12.83",
  "scores": {
    "test": [
      {
        "cosine_pearson": 0.8351347267512874,
        "cosine_spearman": 0.7975501705778694,
        "euclidean_pearson": 0.8348122049541601,
        "euclidean_spearman": 0.809352220387563,
        "hf_subset": "default",
        "languages": [
          "eng-Latn"
        ],
        "main_score": 0.7975501705778694,
        "manhattan_pearson": 0.8345371798115294,
        "manhattan_spearman": 0.809144162891477,
        "pearson": [
          0.8351347298056868,
          0.0
        ],
        "spearman": [
          0.7975502880594496,
          0.0
        ]
      }
    ]
  },
  "task_name": "STS14"
}