{
  "dataset_revision": "7e90230a92c190f1bf69ae9002b8cea547a64cca",
  "evaluation_time": 1.2604475021362305,
  "kg_co2_emissions": null,
  "mteb_version": "1.12.83",
  "scores": {
    "test": [
      {
        "cosine_pearson": 0.827965417395524,
        "cosine_spearman": 0.8352541559847712,
        "euclidean_pearson": 0.8426448422503113,
        "euclidean_spearman": 0.8441205046580235,
        "hf_subset": "default",
        "languages": [
          "eng-Latn"
        ],
        "main_score": 0.8352541559847712,
        "manhattan_pearson": 0.8424209872193364,
        "manhattan_spearman": 0.8439078962754017,
        "pearson": [
          0.8279654154995597,
          0.0
        ],
        "spearman": [
          0.835254703318662,
          0.0
        ]
      }
    ]
  },
  "task_name": "STS13"
}