{
  "dataset_revision": "faeb762787bd10488a50c8b5be4a3b82e411949c",
  "evaluation_time": 0.28403568267822266,
  "kg_co2_emissions": null,
  "mteb_version": "1.12.83",
  "scores": {
    "test": [
      {
        "cosine_pearson": 0.8983369192307473,
        "cosine_spearman": 0.8996120895989604,
        "euclidean_pearson": 0.9031456092074756,
        "euclidean_spearman": 0.8989270949449465,
        "hf_subset": "en-en",
        "languages": [
          "eng-Latn"
        ],
        "main_score": 0.8996120895989604,
        "manhattan_pearson": 0.903686432386819,
        "manhattan_spearman": 0.8987079889108345,
        "pearson": [
          0.8983369389322341,
          1.43531201743166e-90
        ],
        "spearman": [
          0.8996120895989604,
          3.256558055574457e-91
        ]
      }
    ]
  },
  "task_name": "STS17"
}