{
  "dataset_revision": "6031580fec1f6af667f0bd2da0a551cf4f0b2375",
  "evaluation_time": 2.361783981323242,
  "kg_co2_emissions": null,
  "mteb_version": "1.12.83",
  "scores": {
    "test": [
      {
        "cosine_pearson": 0.816708358173367,
        "cosine_spearman": 0.7812867845841477,
        "euclidean_pearson": 0.8127867862958518,
        "euclidean_spearman": 0.7865973008141766,
        "hf_subset": "default",
        "languages": [
          "eng-Latn"
        ],
        "main_score": 0.7812867845841477,
        "manhattan_pearson": 0.8126267269250061,
        "manhattan_spearman": 0.7864736029907294,
        "pearson": [
          0.8167083606830139,
          0.0
        ],
        "spearman": [
          0.7812867510649013,
          0.0
        ]
      }
    ]
  },
  "task_name": "STS14"
}