{
  "dataset_revision": "b0fddb56ed78048fa8b90373c8a3cfc37b684831",
  "evaluation_time": 0.9648802280426025,
  "kg_co2_emissions": null,
  "mteb_version": "1.12.83",
  "scores": {
    "test": [
      {
        "cosine_pearson": 0.8476463182354291,
        "cosine_spearman": 0.8489091278105318,
        "euclidean_pearson": 0.8561922770625204,
        "euclidean_spearman": 0.8496613600001871,
        "hf_subset": "default",
        "languages": [
          "eng-Latn"
        ],
        "main_score": 0.8489091278105318,
        "manhattan_pearson": 0.8556544512986638,
        "manhattan_spearman": 0.8493034219650056,
        "pearson": [
          0.8476463259105912,
          0.0
        ],
        "spearman": [
          0.8489091278105318,
          0.0
        ]
      }
    ]
  },
  "task_name": "STSBenchmark"
}