{
  "dataset_revision": "cda12ad7615edc362dbf25a00fdd61d3b1eaf93c",
  "evaluation_time": 3.4230875968933105,
  "kg_co2_emissions": null,
  "mteb_version": "1.12.83",
  "scores": {
    "test": [
      {
        "cosine_pearson": 0.303340654925409,
        "cosine_spearman": 0.3063911619333784,
        "dot_pearson": 0.29837641017537003,
        "dot_spearman": 0.296471103912444,
        "hf_subset": "default",
        "languages": [
          "eng-Latn"
        ],
        "main_score": 0.3063911619333784,
        "pearson": 0.30334066808293003,
        "spearman": 0.30639052042224824
      }
    ]
  },
  "task_name": "SummEval"
}