{
  "dataset_revision": "6031580fec1f6af667f0bd2da0a551cf4f0b2375",
  "evaluation_time": 1.625234842300415,
  "kg_co2_emissions": null,
  "mteb_version": "1.12.83",
  "scores": {
    "test": [
      {
        "cosine_pearson": 0.7910119094002136,
        "cosine_spearman": 0.7562773240202669,
        "euclidean_pearson": 0.7871148414335569,
        "euclidean_spearman": 0.771947852135799,
        "hf_subset": "default",
        "languages": [
          "eng-Latn"
        ],
        "main_score": 0.7562773240202669,
        "manhattan_pearson": 0.7865626774084736,
        "manhattan_spearman": 0.7712578550629459,
        "pearson": [
          0.7910119122771496,
          0.0
        ],
        "spearman": [
          0.7562774802906301,
          0.0
        ]
      }
    ]
  },
  "task_name": "STS14"
}