{
  "dataset_revision": "ae752c7c21bf194d8b67fd573edf7ae58183cbe3",
  "evaluation_time": 1.241811990737915,
  "kg_co2_emissions": null,
  "mteb_version": "1.12.83",
  "scores": {
    "test": [
      {
        "cosine_pearson": 0.8323140212591653,
        "cosine_spearman": 0.8459377056506513,
        "euclidean_pearson": 0.8421814753950527,
        "euclidean_spearman": 0.8483363406965957,
        "hf_subset": "default",
        "languages": [
          "eng-Latn"
        ],
        "main_score": 0.8459377056506513,
        "manhattan_pearson": 0.8405220824913088,
        "manhattan_spearman": 0.8466989269859123,
        "pearson": [
          0.8323140256952645,
          0.0
        ],
        "spearman": [
          0.8459376640293202,
          0.0
        ]
      }
    ]
  },
  "task_name": "STS15"
}