{
  "dataset_revision": "de9d86b3b84231dc21f76c7b7af1f28e2f57f6e3",
  "evaluation_time": 0.8661773204803467,
  "kg_co2_emissions": null,
  "mteb_version": "1.12.83",
  "scores": {
    "test": [
      {
        "cosine_pearson": 0.6508727329133863,
        "cosine_spearman": 0.6669303789839643,
        "euclidean_pearson": 0.6830189428800367,
        "euclidean_spearman": 0.6745807071416793,
        "hf_subset": "en",
        "languages": [
          "eng-Latn"
        ],
        "main_score": 0.6669303789839643,
        "manhattan_pearson": 0.6811937508721664,
        "manhattan_spearman": 0.6727796245658257,
        "pearson": [
          0.6508727273467861,
          4.0542783154086595e-25
        ],
        "spearman": [
          0.6669303789839643,
          1.0320309974116507e-26
        ]
      }
    ]
  },
  "task_name": "STS22"
}