{
  "dataset_revision": "cda12ad7615edc362dbf25a00fdd61d3b1eaf93c",
  "evaluation_time": 2.716417074203491,
  "kg_co2_emissions": null,
  "mteb_version": "1.12.83",
  "scores": {
    "test": [
      {
        "cosine_pearson": 0.3137537319779167,
        "cosine_spearman": 0.30710798639972214,
        "dot_pearson": 0.30504408624490287,
        "dot_spearman": 0.302276972241273,
        "hf_subset": "default",
        "languages": [
          "eng-Latn"
        ],
        "main_score": 0.30710798639972214,
        "pearson": 0.3137536993022909,
        "spearman": 0.30715722989873767
      }
    ]
  },
  "task_name": "SummEval"
}