{
  "dataset_revision": "d3fb88f8f02e40887cd149695127462bbcf29b4a",
  "evaluation_time": 0.21395635604858398,
  "kg_co2_emissions": null,
  "mteb_version": "1.12.83",
  "scores": {
    "test": [
      {
        "cosine_pearson": 0.8060176752100621,
        "cosine_spearman": 0.7888312270666821,
        "euclidean_pearson": 0.8071929106262554,
        "euclidean_spearman": 0.7966265854121015,
        "hf_subset": "default",
        "languages": [
          "eng-Latn"
        ],
        "main_score": 0.7888312270666821,
        "manhattan_pearson": 0.8011338071345964,
        "manhattan_spearman": 0.793162651062321,
        "pearson": [
          0.8060176826244403,
          4.745539805351542e-24
        ],
        "spearman": [
          0.7888312270666821,
          1.9426329763869828e-22
        ]
      }
    ]
  },
  "task_name": "BIOSSES"
}