{
  "dataset_revision": "20a6d6f312dd54037fe07a32d58e5e168867909d",
  "evaluation_time": 6.016460418701172,
  "kg_co2_emissions": null,
  "mteb_version": "1.12.83",
  "scores": {
    "test": [
      {
        "cosine_pearson": 0.8412313119044023,
        "cosine_spearman": 0.7950098578444363,
        "euclidean_pearson": 0.8122212532930788,
        "euclidean_spearman": 0.7912243470230489,
        "hf_subset": "default",
        "languages": [
          "eng-Latn"
        ],
        "main_score": 0.7950098578444363,
        "manhattan_pearson": 0.8112038603554197,
        "manhattan_spearman": 0.7906567648532802,
        "pearson": [
          0.8412313127802377,
          0.0
        ],
        "spearman": [
          0.7950099982941954,
          0.0
        ]
      }
    ]
  },
  "task_name": "SICK-R"
}