{
  "dataset_revision": "a0d554a64d88156834ff5ae9920b964011b16384",
  "evaluation_time": 2.0941529273986816,
  "kg_co2_emissions": null,
  "mteb_version": "1.12.83",
  "scores": {
    "test": [
      {
        "cosine_pearson": 0.802213853339235,
        "cosine_spearman": 0.7055831722908276,
        "euclidean_pearson": 0.798146309280231,
        "euclidean_spearman": 0.7316721015569699,
        "hf_subset": "default",
        "languages": [
          "eng-Latn"
        ],
        "main_score": 0.7055831722908276,
        "manhattan_pearson": 0.7948758183400098,
        "manhattan_spearman": 0.7303191055386112,
        "pearson": [
          0.8022138598423462,
          0.0
        ],
        "spearman": [
          0.7055798469066694,
          0.0
        ]
      }
    ]
  },
  "task_name": "STS12"
}