{
  "dataset_revision": "faeb762787bd10488a50c8b5be4a3b82e411949c",
  "evaluation_time": 0.25259947776794434,
  "kg_co2_emissions": null,
  "mteb_version": "1.12.83",
  "scores": {
    "test": [
      {
        "cosine_pearson": 0.8637890303022581,
        "cosine_spearman": 0.8673181665501385,
        "euclidean_pearson": 0.8607177548495937,
        "euclidean_spearman": 0.8515079364044683,
        "hf_subset": "en-en",
        "languages": [
          "eng-Latn"
        ],
        "main_score": 0.8673181665501385,
        "manhattan_pearson": 0.8637062267556629,
        "manhattan_spearman": 0.8564112988099671,
        "pearson": [
          0.8637890438952335,
          8.685010096029509e-76
        ],
        "spearman": [
          0.8673181665501385,
          4.219113430811429e-77
        ]
      }
    ]
  },
  "task_name": "STS17"
}