{
  "dataset_revision": "ae752c7c21bf194d8b67fd573edf7ae58183cbe3",
  "evaluation_time": 1.942058801651001,
  "kg_co2_emissions": null,
  "mteb_version": "1.12.83",
  "scores": {
    "test": [
      {
        "cosine_pearson": 0.8274422556128581,
        "cosine_spearman": 0.8406564669383014,
        "euclidean_pearson": 0.8430497186389084,
        "euclidean_spearman": 0.8472147252167492,
        "hf_subset": "default",
        "languages": [
          "eng-Latn"
        ],
        "main_score": 0.8406564669383014,
        "manhattan_pearson": 0.8424726733484174,
        "manhattan_spearman": 0.846781894483263,
        "pearson": [
          0.8274422489532037,
          0.0
        ],
        "spearman": [
          0.8406564199709655,
          0.0
        ]
      }
    ]
  },
  "task_name": "STS15"
}