{
  "dataset_revision": "b0fddb56ed78048fa8b90373c8a3cfc37b684831",
  "evaluation_time": 0.9120705127716064,
  "kg_co2_emissions": null,
  "mteb_version": "1.12.83",
  "scores": {
    "test": [
      {
        "cosine_pearson": 0.8221023778307143,
        "cosine_spearman": 0.8313579133202696,
        "euclidean_pearson": 0.8330138699881606,
        "euclidean_spearman": 0.8300154763696732,
        "hf_subset": "default",
        "languages": [
          "eng-Latn"
        ],
        "main_score": 0.8313579133202696,
        "manhattan_pearson": 0.8336113900995578,
        "manhattan_spearman": 0.8308158546427025,
        "pearson": [
          0.8221023686086868,
          0.0
        ],
        "spearman": [
          0.8313578562466615,
          0.0
        ]
      }
    ]
  },
  "task_name": "STSBenchmark"
}