{
  "dataset_revision": "20a6d6f312dd54037fe07a32d58e5e168867909d",
  "evaluation_time": 4.05103325843811,
  "kg_co2_emissions": null,
  "mteb_version": "1.12.83",
  "scores": {
    "test": [
      {
        "cosine_pearson": 0.8268355281677716,
        "cosine_spearman": 0.7675775321920265,
        "euclidean_pearson": 0.7951268373381941,
        "euclidean_spearman": 0.767484923058879,
        "hf_subset": "default",
        "languages": [
          "eng-Latn"
        ],
        "main_score": 0.7675775321920265,
        "manhattan_pearson": 0.793267255724945,
        "manhattan_spearman": 0.7666277955255433,
        "pearson": [
          0.8268355289836492,
          0.0
        ],
        "spearman": [
          0.7675775926934809,
          0.0
        ]
      }
    ]
  },
  "task_name": "SICK-R"
}