{
  "dataset_revision": "ae752c7c21bf194d8b67fd573edf7ae58183cbe3",
  "evaluation_time": 1.4110207557678223,
  "kg_co2_emissions": null,
  "mteb_version": "1.12.83",
  "scores": {
    "test": [
      {
        "cosine_pearson": 0.8434906342265878,
        "cosine_spearman": 0.850394035596545,
        "euclidean_pearson": 0.8484325536626907,
        "euclidean_spearman": 0.8523079666106217,
        "hf_subset": "default",
        "languages": [
          "eng-Latn"
        ],
        "main_score": 0.850394035596545,
        "manhattan_pearson": 0.8485875436702145,
        "manhattan_spearman": 0.8526480591717316,
        "pearson": [
          0.8434906352546996,
          0.0
        ],
        "spearman": [
          0.850394010024895,
          0.0
        ]
      }
    ]
  },
  "task_name": "STS15"
}