{
  "dataset_revision": "7e90230a92c190f1bf69ae9002b8cea547a64cca",
  "evaluation_time": 0.7548093795776367,
  "kg_co2_emissions": null,
  "mteb_version": "1.12.83",
  "scores": {
    "test": [
      {
        "cosine_pearson": 0.7767040226685985,
        "cosine_spearman": 0.7862155710760357,
        "euclidean_pearson": 0.788960299430361,
        "euclidean_spearman": 0.7897969561536575,
        "hf_subset": "default",
        "languages": [
          "eng-Latn"
        ],
        "main_score": 0.7862155710760357,
        "manhattan_pearson": 0.7863352894233807,
        "manhattan_spearman": 0.7870482022446859,
        "pearson": [
          0.7767040218123107,
          4.979202257513853e-303
        ],
        "spearman": [
          0.7862144742244993,
          1.86383265e-315
        ]
      }
    ]
  },
  "task_name": "STS13"
}