{
  "dataset_revision": "faeb762787bd10488a50c8b5be4a3b82e411949c",
  "evaluation_time": 0.20749306678771973,
  "kg_co2_emissions": null,
  "mteb_version": "1.12.83",
  "scores": {
    "test": [
      {
        "cosine_pearson": 0.8776124178752837,
        "cosine_spearman": 0.8771852416196547,
        "euclidean_pearson": 0.879775194785043,
        "euclidean_spearman": 0.8767970011030701,
        "hf_subset": "en-en",
        "languages": [
          "eng-Latn"
        ],
        "main_score": 0.8771852416196547,
        "manhattan_pearson": 0.880468293511183,
        "manhattan_spearman": 0.8785083345484511,
        "pearson": [
          0.8776124270791344,
          3.6899695041830663e-81
        ],
        "spearman": [
          0.8771852416196547,
          5.528656653480538e-81
        ]
      }
    ]
  },
  "task_name": "STS17"
}