{
  "dataset_revision": "de9d86b3b84231dc21f76c7b7af1f28e2f57f6e3",
  "evaluation_time": 0.9276154041290283,
  "kg_co2_emissions": null,
  "mteb_version": "1.12.83",
  "scores": {
    "test": [
      {
        "cosine_pearson": 0.6274974525649324,
        "cosine_spearman": 0.6513204540834352,
        "euclidean_pearson": 0.655740751165361,
        "euclidean_spearman": 0.6542894325003866,
        "hf_subset": "en",
        "languages": [
          "eng-Latn"
        ],
        "main_score": 0.6513204540834352,
        "manhattan_pearson": 0.6571010794825293,
        "manhattan_spearman": 0.6576946423952675,
        "pearson": [
          0.6274974604951877,
          5.804365788950608e-23
        ],
        "spearman": [
          0.6513204540834352,
          3.6708531203930356e-25
        ]
      }
    ]
  },
  "task_name": "STS22"
}