{
  "dataset_revision": "b0fddb56ed78048fa8b90373c8a3cfc37b684831",
  "evaluation_time": 0.6652636528015137,
  "kg_co2_emissions": null,
  "mteb_version": "1.12.83",
  "scores": {
    "test": [
      {
        "cosine_pearson": 0.8264826193108005,
        "cosine_spearman": 0.8178112382668085,
        "euclidean_pearson": 0.8297134476826339,
        "euclidean_spearman": 0.8196756013951121,
        "hf_subset": "default",
        "languages": [
          "eng-Latn"
        ],
        "main_score": 0.8178112382668085,
        "manhattan_pearson": 0.8303357523287087,
        "manhattan_spearman": 0.8204899253371606,
        "pearson": [
          0.8264826161264117,
          0.0
        ],
        "spearman": [
          0.8178116368512992,
          0.0
        ]
      }
    ]
  },
  "task_name": "STSBenchmark"
}