{
  "dataset_revision": "cda12ad7615edc362dbf25a00fdd61d3b1eaf93c",
  "evaluation_time": 2.9153761863708496,
  "kg_co2_emissions": null,
  "mteb_version": "1.12.83",
  "scores": {
    "test": [
      {
        "cosine_pearson": 0.30905542188552537,
        "cosine_spearman": 0.2940601318850615,
        "dot_pearson": 0.302524804134537,
        "dot_spearman": 0.2897685704329731,
        "hf_subset": "default",
        "languages": [
          "eng-Latn"
        ],
        "main_score": 0.2940601318850615,
        "pearson": 0.3090553850297693,
        "spearman": 0.29388924602460825
      }
    ]
  },
  "task_name": "SummEval"
}