{
  "dataset_revision": "20a6d6f312dd54037fe07a32d58e5e168867909d",
  "evaluation_time": 6.536494731903076,
  "kg_co2_emissions": null,
  "mteb_version": "1.12.83",
  "scores": {
    "test": [
      {
        "cosine_pearson": 0.8346818487726028,
        "cosine_spearman": 0.78931793039881,
        "euclidean_pearson": 0.8061477679860927,
        "euclidean_spearman": 0.7852388613130836,
        "hf_subset": "default",
        "languages": [
          "eng-Latn"
        ],
        "main_score": 0.78931793039881,
        "manhattan_pearson": 0.8049200513123014,
        "manhattan_spearman": 0.7845970972704092,
        "pearson": [
          0.8346818501422367,
          0.0
        ],
        "spearman": [
          0.7893181513752497,
          0.0
        ]
      }
    ]
  },
  "task_name": "SICK-R"
}