{
  "dataset_revision": "faeb762787bd10488a50c8b5be4a3b82e411949c",
  "evaluation_time": 0.28005290031433105,
  "kg_co2_emissions": null,
  "mteb_version": "1.12.83",
  "scores": {
    "test": [
      {
        "cosine_pearson": 0.8483051088253329,
        "cosine_spearman": 0.8563313443273437,
        "euclidean_pearson": 0.8476304238176489,
        "euclidean_spearman": 0.8368801100499014,
        "hf_subset": "en-en",
        "languages": [
          "eng-Latn"
        ],
        "main_score": 0.8563313443273437,
        "manhattan_pearson": 0.8506952873363488,
        "manhattan_spearman": 0.8424434813335941,
        "pearson": [
          0.8483051068533816,
          1.9741650338371013e-70
        ],
        "spearman": [
          0.8563313443273437,
          3.955289295803833e-73
        ]
      }
    ]
  },
  "task_name": "STS17"
}