{
  "dataset_revision": "ae752c7c21bf194d8b67fd573edf7ae58183cbe3",
  "evaluation_time": 1.8237593173980713,
  "kg_co2_emissions": null,
  "mteb_version": "1.12.83",
  "scores": {
    "test": [
      {
        "cosine_pearson": 0.8190172037474338,
        "cosine_spearman": 0.8324207345237493,
        "euclidean_pearson": 0.833245017820344,
        "euclidean_spearman": 0.838127319363272,
        "hf_subset": "default",
        "languages": [
          "eng-Latn"
        ],
        "main_score": 0.8324207345237493,
        "manhattan_pearson": 0.8335593186138438,
        "manhattan_spearman": 0.8384695038293934,
        "pearson": [
          0.8190172036420297,
          0.0
        ],
        "spearman": [
          0.8324205834850991,
          0.0
        ]
      }
    ]
  },
  "task_name": "STS15"
}