{
  "dataset_revision": "4d8694f8f0e0100860b497b999b3dbed754a0513",
  "evaluation_time": 0.8278803825378418,
  "kg_co2_emissions": null,
  "mteb_version": "1.12.83",
  "scores": {
    "test": [
      {
        "cosine_pearson": 0.7875115732668985,
        "cosine_spearman": 0.8149849581606067,
        "euclidean_pearson": 0.8172012062280318,
        "euclidean_spearman": 0.820046015954379,
        "hf_subset": "default",
        "languages": [
          "eng-Latn"
        ],
        "main_score": 0.8149849581606067,
        "manhattan_pearson": 0.8158590530080051,
        "manhattan_spearman": 0.8188582376003186,
        "pearson": [
          0.7875115692471055,
          3.8239193693013816e-251
        ],
        "spearman": [
          0.8149849522981845,
          7.820702876859081e-283
        ]
      }
    ]
  },
  "task_name": "STS16"
}