{
  "dataset_revision": "cda12ad7615edc362dbf25a00fdd61d3b1eaf93c",
  "evaluation_time": 3.4435718059539795,
  "kg_co2_emissions": null,
  "mteb_version": "1.12.83",
  "scores": {
    "test": [
      {
        "cosine_pearson": 0.3187486333673183,
        "cosine_spearman": 0.30829051557618753,
        "dot_pearson": 0.307046873565758,
        "dot_spearman": 0.310964844041306,
        "hf_subset": "default",
        "languages": [
          "eng-Latn"
        ],
        "main_score": 0.30829051557618753,
        "pearson": 0.3187486284895657,
        "spearman": 0.30829051557618753
      }
    ]
  },
  "task_name": "SummEval"
}